fecha,lote_id,nombre_finca,demanda_urea_kg_ha,demanda_fungicida_l_ha,demanda_gasoil_l_ha,costo_insumos_usd_ha,costo_total_lote_usd
2026-08-10,LOT-001,Finca 3,0.0,0.0,4.5,5.45,2377.29
2026-08-17,LOT-001,Finca 3,0.0,0.0,6.0,7.26,3169.72
2026-08-24,LOT-001,Finca 3,0.0,0.0,6.9,8.35,3645.17
2026-08-31,LOT-001,Finca 3,0.0,0.0,5.7,6.9,3011.23
2026-09-07,LOT-001,Finca 3,48.9,0.0,5.8,37.82,16514.4
2026-09-14,LOT-001,Finca 3,48.8,0.0,5.4,37.28,16275.57
2026-09-21,LOT-001,Finca 3,48.3,0.0,5.4,36.96,16138.05
2026-09-28,LOT-001,Finca 3,34.6,0.0,5.0,27.85,12158.44
2026-10-05,LOT-001,Finca 3,42.2,0.0,5.5,33.24,14513.02
2026-10-12,LOT-001,Finca 3,38.1,0.0,5.7,30.9,13490.94
2026-10-19,LOT-001,Finca 3,30.0,0.0,5.7,25.8,11262.97
2026-10-26,LOT-001,Finca 3,35.4,0.0,4.5,27.75,12114.34
2026-11-02,LOT-001,Finca 3,35.2,2.4,4.9,73.63,32148.17
2026-11-09,LOT-001,Finca 3,34.5,2.6,6.3,78.71,34363.04
2026-11-16,LOT-001,Finca 3,41.1,1.7,5.4,64.69,28244.96
2026-11-23,LOT-001,Finca 3,42.7,1.8,5.7,67.96,29672.21
2026-11-30,LOT-001,Finca 3,42.9,2.5,5.6,81.28,35485.97
2026-12-07,LOT-001,Finca 3,41.1,2.8,5.6,85.84,37478.18
2026-12-14,LOT-001,Finca 3,40.5,2.3,5.3,75.6,33009.14
2026-12-21,LOT-001,Finca 3,39.5,2.6,6.3,81.88,35749.68
2026-12-28,LOT-001,Finca 3,41.5,2.6,5.5,82.2,35888.52
2027-01-04,LOT-001,Finca 3,0.0,3.2,5.6,67.58,29503.68
2027-01-11,LOT-001,Finca 3,0.0,1.9,5.3,42.51,18561.18
2027-01-18,LOT-001,Finca 3,0.0,2.3,5.6,50.5,22047.86
2027-01-25,LOT-001,Finca 3,0.0,2.3,5.2,50.02,21836.55
2027-02-01,LOT-001,Finca 3,0.0,2.8,5.3,59.64,26039.26
2027-02-08,LOT-001,Finca 3,0.0,1.5,5.0,34.56,15091.08
2027-02-15,LOT-001,Finca 3,0.0,3.0,5.8,64.08,27976.45
2027-02-22,LOT-001,Finca 3,0.0,3.2,5.3,67.28,29373.14
2027-03-01,LOT-001,Finca 3,0.0,2.8,5.8,60.27,26315.63
2027-03-08,LOT-001,Finca 3,0.0,1.9,5.2,42.45,18533.23
2027-03-15,LOT-001,Finca 3,0.0,2.9,5.5,61.84,27000.22
2027-03-22,LOT-001,Finca 3,0.0,2.1,5.9,47.1,20564.73
2027-03-29,LOT-001,Finca 3,0.0,2.5,5.6,54.38,23740.56
2027-04-05,LOT-001,Finca 3,0.0,0.0,6.7,8.11,3539.52
2027-04-12,LOT-001,Finca 3,0.0,0.0,6.0,7.26,3169.72
2027-04-19,LOT-001,Finca 3,0.0,0.0,6.0,7.26,3169.72
2027-04-26,LOT-001,Finca 3,0.0,0.0,5.7,6.95,3036.12
2027-05-03,LOT-001,Finca 3,0.0,0.0,5.8,7.08,3089.38
2027-05-10,LOT-001,Finca 3,0.0,0.0,6.2,7.56,3302.44
2027-05-17,LOT-001,Finca 3,0.0,0.0,5.3,6.47,2823.06
2027-05-24,LOT-001,Finca 3,0.0,0.0,6.0,7.32,3195.91
2027-05-31,LOT-001,Finca 3,0.0,0.0,5.5,6.71,2929.59
2027-06-07,LOT-001,Finca 3,0.0,0.0,5.5,6.71,2929.59
2027-06-14,LOT-001,Finca 3,0.0,0.0,6.1,7.44,3249.18
2027-06-21,LOT-001,Finca 3,0.0,0.0,6.7,8.17,3568.77
2027-06-28,LOT-001,Finca 3,0.0,0.0,5.7,6.95,3036.12
2027-07-05,LOT-001,Finca 3,0.0,0.0,6.7,8.17,3568.77
2027-07-12,LOT-001,Finca 3,0.0,0.0,6.1,7.44,3249.18
2027-07-19,LOT-001,Finca 3,0.0,0.0,6.0,7.32,3195.91
2027-07-26,LOT-001,Finca 3,0.0,0.0,6.0,7.32,3195.91
2027-08-02,LOT-001,Finca 3,0.0,0.0,5.7,6.95,3036.12
2026-08-10,LOT-002,Finca 5,0.0,0.0,6.2,7.5,3136.59
2026-08-17,LOT-002,Finca 5,0.0,0.0,6.1,7.38,3086.0
2026-08-24,LOT-002,Finca 5,0.0,0.0,6.0,7.26,3035.41
2026-08-31,LOT-002,Finca 5,0.0,0.0,6.0,7.26,3035.41
2026-09-07,LOT-002,Finca 5,42.3,0.0,5.4,33.18,13873.81
2026-09-14,LOT-002,Finca 5,40.3,0.0,5.5,32.04,13397.6
2026-09-21,LOT-002,Finca 5,53.3,0.0,5.5,40.23,16821.84
2026-09-28,LOT-002,Finca 5,39.7,0.0,6.1,32.39,13543.1
2026-10-05,LOT-002,Finca 5,37.2,0.0,5.9,30.58,12783.41
2026-10-12,LOT-002,Finca 5,36.1,0.0,5.6,29.52,12341.89
2026-10-19,LOT-002,Finca 5,40.9,0.0,5.8,32.78,13707.41
2026-10-26,LOT-002,Finca 5,33.7,0.0,4.9,27.16,11355.6
2026-11-02,LOT-002,Finca 5,45.8,2.9,5.3,90.28,37746.07
2026-11-09,LOT-002,Finca 5,45.0,2.5,6.1,83.18,34777.98
2026-11-16,LOT-002,Finca 5,39.9,2.0,5.3,69.51,29062.13
2026-11-23,LOT-002,Finca 5,46.0,2.4,5.3,80.94,33843.1
2026-11-30,LOT-002,Finca 5,39.4,2.9,7.1,88.48,36995.16
2026-12-07,LOT-002,Finca 5,42.8,2.3,6.0,77.9,32570.41
2026-12-14,LOT-002,Finca 5,39.3,2.3,5.3,74.85,31294.37
2026-12-21,LOT-002,Finca 5,34.4,2.5,5.4,75.68,31642.23
2026-12-28,LOT-002,Finca 5,40.2,2.4,5.1,77.1,32234.26
2027-01-04,LOT-002,Finca 5,0.0,2.4,5.3,52.01,21746.64
2027-01-11,LOT-002,Finca 5,0.0,2.4,5.9,52.74,22050.18
2027-01-18,LOT-002,Finca 5,0.0,3.2,6.4,68.58,28671.63
2027-01-25,LOT-002,Finca 5,0.0,2.8,5.8,60.25,25188.85
2027-02-01,LOT-002,Finca 5,0.0,2.8,5.0,59.28,24784.13
2027-02-08,LOT-002,Finca 5,0.0,1.8,6.6,42.2,17645.49
2027-02-15,LOT-002,Finca 5,0.0,2.8,6.5,61.12,25554.69
2027-02-22,LOT-002,Finca 5,0.0,2.0,5.4,44.57,18636.39
2027-03-01,LOT-002,Finca 5,0.0,2.0,5.4,44.57,18636.39
2027-03-08,LOT-002,Finca 5,0.0,2.1,5.2,46.26,19339.22
2027-03-15,LOT-002,Finca 5,0.0,1.8,5.5,40.91,17104.05
2027-03-22,LOT-002,Finca 5,0.0,2.5,6.3,55.2,23078.28
2027-03-29,LOT-002,Finca 5,0.0,2.1,5.3,46.4,19398.59
2027-04-05,LOT-002,Finca 5,0.0,0.0,5.8,7.02,2934.23
2027-04-12,LOT-002,Finca 5,0.0,0.0,6.1,7.38,3086.0
2027-04-19,LOT-002,Finca 5,0.0,0.0,6.4,7.74,3237.77
2027-04-26,LOT-002,Finca 5,0.0,0.0,6.3,7.69,3213.52
2027-05-03,LOT-002,Finca 5,0.0,0.0,6.2,7.56,3162.51
2027-05-10,LOT-002,Finca 5,0.0,0.0,6.1,7.44,3111.5
2027-05-17,LOT-002,Finca 5,0.0,0.0,6.4,7.81,3264.52
2027-05-24,LOT-002,Finca 5,0.0,0.0,5.5,6.71,2805.45
2027-05-31,LOT-002,Finca 5,0.0,0.0,6.1,7.44,3111.5
2027-06-07,LOT-002,Finca 5,0.0,0.0,6.7,8.17,3417.55
2027-06-14,LOT-002,Finca 5,0.0,0.0,6.6,8.05,3366.54
2027-06-21,LOT-002,Finca 5,0.0,0.0,6.1,7.44,3111.5
2027-06-28,LOT-002,Finca 5,0.0,0.0,6.0,7.32,3060.49
2027-07-05,LOT-002,Finca 5,0.0,0.0,6.9,8.42,3519.57
2027-07-12,LOT-002,Finca 5,0.0,0.0,7.2,8.78,3672.59
2027-07-19,LOT-002,Finca 5,0.0,0.0,6.2,7.56,3162.51
2027-07-26,LOT-002,Finca 5,0.0,0.0,6.7,8.17,3417.55
2027-08-02,LOT-002,Finca 5,0.0,0.0,5.9,7.2,3009.48
2026-08-10,LOT-003,Finca 3,0.0,0.0,4.9,5.93,984.21
2026-08-17,LOT-003,Finca 3,0.0,0.0,6.2,7.5,1245.33
2026-08-24,LOT-003,Finca 3,0.0,0.0,5.9,7.14,1185.07
2026-08-31,LOT-003,Finca 3,0.0,0.0,7.2,8.71,1446.19
2026-09-07,LOT-003,Finca 3,36.4,0.0,5.2,29.22,4851.18
2026-09-14,LOT-003,Finca 3,43.4,0.0,5.5,34.0,5643.5
2026-09-21,LOT-003,Finca 3,44.7,0.0,5.6,34.94,5799.54
2026-09-28,LOT-003,Finca 3,38.3,0.0,4.7,29.82,4949.46
2026-10-05,LOT-003,Finca 3,42.5,0.0,6.0,34.03,5649.81
2026-10-12,LOT-003,Finca 3,34.9,0.0,5.9,29.13,4834.92
2026-10-19,LOT-003,Finca 3,35.8,0.0,5.2,28.85,4788.44
2026-10-26,LOT-003,Finca 3,36.9,0.0,6.6,31.23,5184.68
2026-11-02,LOT-003,Finca 3,45.5,2.4,4.8,80.0,13280.17
2026-11-09,LOT-003,Finca 3,29.3,3.1,4.7,82.98,13775.34
2026-11-16,LOT-003,Finca 3,37.9,3.1,5.0,88.77,14734.99
2026-11-23,LOT-003,Finca 3,39.5,2.4,6.2,77.94,12937.87
2026-11-30,LOT-003,Finca 3,39.4,2.5,6.3,79.92,13266.72
2026-12-07,LOT-003,Finca 3,42.7,2.8,6.0,87.33,14497.28
2026-12-14,LOT-003,Finca 3,28.5,2.0,5.9,63.07,10470.28
2026-12-21,LOT-003,Finca 3,40.7,2.8,5.4,85.35,14167.6
2026-12-28,LOT-003,Finca 3,32.4,3.3,5.3,89.52,14861.15
2027-01-04,LOT-003,Finca 3,0.0,2.5,5.4,54.03,8969.64
2027-01-11,LOT-003,Finca 3,0.0,3.1,5.4,65.43,10862.04
2027-01-18,LOT-003,Finca 3,0.0,2.4,5.3,52.04,8638.14
2027-01-25,LOT-003,Finca 3,0.0,2.5,5.1,53.7,8913.54
2027-02-01,LOT-003,Finca 3,0.0,2.9,5.0,61.18,10155.71
2027-02-08,LOT-003,Finca 3,0.0,2.6,4.3,54.63,9068.41
2027-02-15,LOT-003,Finca 3,0.0,2.7,5.4,57.89,9609.41
2027-02-22,LOT-003,Finca 3,0.0,2.3,5.6,50.52,8386.65
2027-03-01,LOT-003,Finca 3,0.0,2.7,5.5,58.01,9629.49
2027-03-08,LOT-003,Finca 3,0.0,2.6,4.7,55.16,9157.39
2027-03-15,LOT-003,Finca 3,0.0,3.1,5.0,65.04,10797.14
2027-03-22,LOT-003,Finca 3,0.0,2.7,6.0,58.64,9734.41
2027-03-29,LOT-003,Finca 3,0.0,3.0,6.0,64.38,10687.08
2027-04-05,LOT-003,Finca 3,0.0,0.0,5.5,6.65,1104.73
2027-04-12,LOT-003,Finca 3,0.0,0.0,6.7,8.11,1345.76
2027-04-19,LOT-003,Finca 3,0.0,0.0,6.3,7.62,1265.42
2027-04-26,LOT-003,Finca 3,0.0,0.0,5.4,6.59,1093.61
2027-05-03,LOT-003,Finca 3,0.0,0.0,6.4,7.81,1296.13
2027-05-10,LOT-003,Finca 3,0.0,0.0,5.9,7.2,1194.87
2027-05-17,LOT-003,Finca 3,0.0,0.0,6.2,7.56,1255.62
2027-05-24,LOT-003,Finca 3,0.0,0.0,7.0,8.54,1417.64
2027-05-31,LOT-003,Finca 3,0.0,0.0,6.1,7.44,1235.37
2027-06-07,LOT-003,Finca 3,0.0,0.0,6.0,7.32,1215.12
2027-06-14,LOT-003,Finca 3,0.0,0.0,5.4,6.59,1093.61
2027-06-21,LOT-003,Finca 3,0.0,0.0,5.9,7.2,1194.87
2027-06-28,LOT-003,Finca 3,0.0,0.0,6.2,7.56,1255.62
2027-07-05,LOT-003,Finca 3,0.0,0.0,6.3,7.69,1275.88
2027-07-12,LOT-003,Finca 3,0.0,0.0,5.8,7.08,1174.62
2027-07-19,LOT-003,Finca 3,0.0,0.0,6.0,7.32,1215.12
2027-07-26,LOT-003,Finca 3,0.0,0.0,6.6,8.05,1336.63
2027-08-02,LOT-003,Finca 3,0.0,0.0,6.0,7.32,1215.12
2026-08-10,LOT-004,Finca 3,0.0,0.0,5.8,7.02,2749.65
2026-08-17,LOT-004,Finca 3,0.0,0.0,6.0,7.26,2844.47
2026-08-24,LOT-004,Finca 3,0.0,0.0,5.5,6.65,2607.43
2026-08-31,LOT-004,Finca 3,0.0,0.0,6.3,7.62,2986.69
2026-09-07,LOT-004,Finca 3,36.6,0.0,5.7,29.95,11736.37
2026-09-14,LOT-004,Finca 3,34.0,0.0,5.0,27.47,10762.75
2026-09-21,LOT-004,Finca 3,39.4,0.0,6.8,33.05,12948.99
2026-09-28,LOT-004,Finca 3,43.4,0.0,5.7,34.24,13414.84
2026-10-05,LOT-004,Finca 3,34.1,0.0,5.7,28.38,11119.28
2026-10-12,LOT-004,Finca 3,33.9,0.0,4.4,26.68,10453.62
2026-10-19,LOT-004,Finca 3,39.3,0.0,5.6,31.53,12355.41
2026-10-26,LOT-004,Finca 3,44.1,0.0,5.5,34.44,13492.81
2026-11-02,LOT-004,Finca 3,47.9,2.1,5.5,76.67,30038.91
2026-11-09,LOT-004,Finca 3,40.8,2.3,5.4,75.89,29734.49
2026-11-16,LOT-004,Finca 3,37.3,2.0,5.8,68.48,26829.29
2026-11-23,LOT-004,Finca 3,35.1,2.4,4.4,72.99,28597.09
2026-11-30,LOT-004,Finca 3,44.2,2.6,5.8,84.24,33004.45
2026-12-07,LOT-004,Finca 3,35.8,2.7,6.3,81.45,31912.11
2026-12-14,LOT-004,Finca 3,46.2,2.6,6.2,85.98,33687.75
2026-12-21,LOT-004,Finca 3,37.3,2.5,5.9,78.11,30604.67
2026-12-28,LOT-004,Finca 3,34.7,2.2,5.1,69.83,27360.18
2027-01-04,LOT-004,Finca 3,0.0,2.7,6.5,59.17,23180.85
2027-01-11,LOT-004,Finca 3,0.0,2.6,5.6,56.18,22009.76
2027-01-18,LOT-004,Finca 3,0.0,3.0,5.5,63.69,24951.78
2027-01-25,LOT-004,Finca 3,0.0,2.7,5.5,57.98,22717.35
2027-02-01,LOT-004,Finca 3,0.0,2.4,4.4,50.95,19961.43
2027-02-08,LOT-004,Finca 3,0.0,2.7,5.7,58.22,22812.16
2027-02-15,LOT-004,Finca 3,0.0,2.2,5.6,48.62,19049.32
2027-02-22,LOT-004,Finca 3,0.0,2.7,5.5,58.01,22727.93
2027-03-01,LOT-004,Finca 3,0.0,2.4,5.0,51.7,20255.28
2027-03-08,LOT-004,Finca 3,0.0,2.1,4.9,45.89,17980.49
2027-03-15,LOT-004,Finca 3,0.0,2.8,5.8,60.3,23626.32
2027-03-22,LOT-004,Finca 3,0.0,2.4,5.8,52.69,20643.94
2027-03-29,LOT-004,Finca 3,0.0,2.7,5.1,57.58,22559.45
2027-04-05,LOT-004,Finca 3,0.0,0.0,5.6,6.78,2654.84
2027-04-12,LOT-004,Finca 3,0.0,0.0,6.0,7.26,2844.47
2027-04-19,LOT-004,Finca 3,0.0,0.0,7.5,9.07,3555.59
2027-04-26,LOT-004,Finca 3,0.0,0.0,6.6,8.05,3154.77
2027-05-03,LOT-004,Finca 3,0.0,0.0,6.7,8.17,3202.57
2027-05-10,LOT-004,Finca 3,0.0,0.0,5.7,6.95,2724.58
2027-05-17,LOT-004,Finca 3,0.0,0.0,6.4,7.81,3059.17
2027-05-24,LOT-004,Finca 3,0.0,0.0,5.4,6.59,2581.18
2027-05-31,LOT-004,Finca 3,0.0,0.0,5.9,7.2,2820.18
2027-06-07,LOT-004,Finca 3,0.0,0.0,5.4,6.59,2581.18
2027-06-14,LOT-004,Finca 3,0.0,0.0,6.5,7.93,3106.97
2027-06-21,LOT-004,Finca 3,0.0,0.0,5.4,6.59,2581.18
2027-06-28,LOT-004,Finca 3,0.0,0.0,6.6,8.05,3154.77
2027-07-05,LOT-004,Finca 3,0.0,0.0,6.4,7.81,3059.17
2027-07-12,LOT-004,Finca 3,0.0,0.0,5.5,6.71,2628.98
2027-07-19,LOT-004,Finca 3,0.0,0.0,6.3,7.69,3011.37
2027-07-26,LOT-004,Finca 3,0.0,0.0,5.6,6.83,2676.78
2027-08-02,LOT-004,Finca 3,0.0,0.0,6.5,7.93,3106.97
2026-08-10,LOT-005,Finca 5,0.0,0.0,6.2,7.5,1048.03
2026-08-17,LOT-005,Finca 5,0.0,0.0,5.2,6.29,878.99
2026-08-24,LOT-005,Finca 5,0.0,0.0,5.6,6.78,946.61
2026-08-31,LOT-005,Finca 5,0.0,0.0,6.8,8.23,1149.45
2026-09-07,LOT-005,Finca 5,38.0,0.0,5.5,30.59,4274.12
2026-09-14,LOT-005,Finca 5,40.6,0.0,5.0,31.63,4418.43
2026-09-21,LOT-005,Finca 5,41.2,0.0,5.8,32.97,4606.47
2026-09-28,LOT-005,Finca 5,39.3,0.0,5.4,31.29,4371.63
2026-10-05,LOT-005,Finca 5,37.4,0.0,5.9,30.7,4288.93
2026-10-12,LOT-005,Finca 5,51.2,0.0,4.9,38.19,5334.44
2026-10-19,LOT-005,Finca 5,45.2,0.0,5.2,34.77,4857.09
2026-10-26,LOT-005,Finca 5,46.1,0.0,5.4,35.58,4970.11
2026-11-02,LOT-005,Finca 5,41.4,2.1,4.9,71.85,10037.17
2026-11-09,LOT-005,Finca 5,49.3,2.1,5.1,77.09,10769.19
2026-11-16,LOT-005,Finca 5,39.9,3.1,5.9,91.11,12728.63
2026-11-23,LOT-005,Finca 5,44.3,2.4,5.9,80.6,11259.82
2026-11-30,LOT-005,Finca 5,42.4,1.8,5.4,67.43,9419.69
2026-12-07,LOT-005,Finca 5,38.9,2.3,6.6,76.17,10640.95
2026-12-14,LOT-005,Finca 5,50.6,2.6,4.8,87.06,12162.28
2026-12-21,LOT-005,Finca 5,33.7,2.0,6.1,66.59,9302.9
2026-12-28,LOT-005,Finca 5,47.1,2.1,5.3,75.99,10615.24
2027-01-04,LOT-005,Finca 5,0.0,2.5,6.1,54.88,7666.88
2027-01-11,LOT-005,Finca 5,0.0,1.8,6.4,41.94,5859.58
2027-01-18,LOT-005,Finca 5,0.0,2.7,4.7,57.01,7964.86
2027-01-25,LOT-005,Finca 5,0.0,2.9,4.3,60.33,8428.38
2027-02-01,LOT-005,Finca 5,0.0,2.7,6.2,58.83,8218.41
2027-02-08,LOT-005,Finca 5,0.0,2.5,5.2,53.82,7518.23
2027-02-15,LOT-005,Finca 5,0.0,2.0,5.3,44.45,6210.08
2027-02-22,LOT-005,Finca 5,0.0,2.0,5.9,45.18,6311.51
2027-03-01,LOT-005,Finca 5,0.0,2.3,5.4,50.28,7024.12
2027-03-08,LOT-005,Finca 5,0.0,1.9,4.8,41.97,5862.51
2027-03-15,LOT-005,Finca 5,0.0,2.9,4.7,60.87,8504.1
2027-03-22,LOT-005,Finca 5,0.0,2.6,4.2,54.56,7622.03
2027-03-29,LOT-005,Finca 5,0.0,2.8,5.1,59.48,8309.78
2027-04-05,LOT-005,Finca 5,0.0,0.0,6.1,7.38,1031.13
2027-04-12,LOT-005,Finca 5,0.0,0.0,5.3,6.41,895.9
2027-04-19,LOT-005,Finca 5,0.0,0.0,6.9,8.35,1166.36
2027-04-26,LOT-005,Finca 5,0.0,0.0,5.5,6.71,937.39
2027-05-03,LOT-005,Finca 5,0.0,0.0,6.5,7.93,1107.82
2027-05-10,LOT-005,Finca 5,0.0,0.0,6.1,7.44,1039.65
2027-05-17,LOT-005,Finca 5,0.0,0.0,5.7,6.95,971.47
2027-05-24,LOT-005,Finca 5,0.0,0.0,6.4,7.81,1090.78
2027-05-31,LOT-005,Finca 5,0.0,0.0,5.9,7.2,1005.56
2027-06-07,LOT-005,Finca 5,0.0,0.0,5.8,7.08,988.52
2027-06-14,LOT-005,Finca 5,0.0,0.0,6.6,8.05,1124.86
2027-06-21,LOT-005,Finca 5,0.0,0.0,6.3,7.69,1073.73
2027-06-28,LOT-005,Finca 5,0.0,0.0,5.4,6.59,920.34
2027-07-05,LOT-005,Finca 5,0.0,0.0,5.9,7.2,1005.56
2027-07-12,LOT-005,Finca 5,0.0,0.0,5.7,6.95,971.47
2027-07-19,LOT-005,Finca 5,0.0,0.0,6.4,7.81,1090.78
2027-07-26,LOT-005,Finca 5,0.0,0.0,6.7,8.17,1141.91
2027-08-02,LOT-005,Finca 5,0.0,0.0,6.2,7.56,1056.69
2026-08-10,LOT-006,Finca 1,0.0,0.0,6.2,7.5,1015.77
2026-08-17,LOT-006,Finca 1,0.0,0.0,5.6,6.78,917.47
2026-08-24,LOT-006,Finca 1,0.0,0.0,6.1,7.38,999.39
2026-08-31,LOT-006,Finca 1,0.0,0.0,6.1,7.38,999.39
2026-09-07,LOT-006,Finca 1,34.0,0.0,5.8,28.44,3850.51
2026-09-14,LOT-006,Finca 1,37.4,0.0,5.3,29.97,4058.61
2026-09-21,LOT-006,Finca 1,47.5,0.0,6.1,37.31,5051.23
2026-09-28,LOT-006,Finca 1,48.3,0.0,5.6,37.2,5037.56
2026-10-05,LOT-006,Finca 1,40.4,0.0,5.9,32.59,4412.82
2026-10-12,LOT-006,Finca 1,51.3,0.0,5.2,38.61,5227.93
2026-10-19,LOT-006,Finca 1,43.3,0.0,5.7,34.18,4627.43
2026-10-26,LOT-006,Finca 1,38.4,0.0,5.5,30.85,4176.68
2026-11-02,LOT-006,Finca 1,44.3,2.4,5.4,79.97,10828.07
2026-11-09,LOT-006,Finca 1,33.4,2.7,6.2,79.79,10803.57
2026-11-16,LOT-006,Finca 1,46.1,2.9,5.3,90.5,12253.43
2026-11-23,LOT-006,Finca 1,40.4,2.5,5.5,79.56,10772.02
2026-11-30,LOT-006,Finca 1,44.9,2.5,5.6,82.54,11175.65
2026-12-07,LOT-006,Finca 1,32.6,2.9,5.2,81.9,11089.4
2026-12-14,LOT-006,Finca 1,41.8,2.4,6.2,79.41,10752.38
2026-12-21,LOT-006,Finca 1,48.9,2.3,4.8,80.29,10871.54
2026-12-28,LOT-006,Finca 1,42.6,3.1,5.5,92.39,12510.01
2027-01-04,LOT-006,Finca 1,0.0,2.0,5.3,44.41,6013.52
2027-01-11,LOT-006,Finca 1,0.0,2.1,5.9,47.04,6369.08
2027-01-18,LOT-006,Finca 1,0.0,3.3,5.2,69.03,9345.99
2027-01-25,LOT-006,Finca 1,0.0,2.8,5.2,59.52,8059.01
2027-02-01,LOT-006,Finca 1,0.0,2.7,5.0,57.38,7768.85
2027-02-08,LOT-006,Finca 1,0.0,2.5,5.7,54.42,7368.74
2027-02-15,LOT-006,Finca 1,0.0,2.2,6.0,49.1,6648.68
2027-02-22,LOT-006,Finca 1,0.0,3.1,6.2,66.46,8999.23
2027-03-01,LOT-006,Finca 1,0.0,2.2,5.2,48.14,6517.61
2027-03-08,LOT-006,Finca 1,0.0,2.4,5.6,52.45,7101.46
2027-03-15,LOT-006,Finca 1,0.0,2.4,5.9,52.81,7150.61
2027-03-22,LOT-006,Finca 1,0.0,2.7,6.5,59.25,8021.91
2027-03-29,LOT-006,Finca 1,0.0,2.7,6.0,58.67,7943.65
2027-04-05,LOT-006,Finca 1,0.0,0.0,5.2,6.29,851.94
2027-04-12,LOT-006,Finca 1,0.0,0.0,6.1,7.38,999.39
2027-04-19,LOT-006,Finca 1,0.0,0.0,5.0,6.05,819.17
2027-04-26,LOT-006,Finca 1,0.0,0.0,6.1,7.44,1007.65
2027-05-03,LOT-006,Finca 1,0.0,0.0,5.6,6.83,925.05
2027-05-10,LOT-006,Finca 1,0.0,0.0,5.6,6.83,925.05
2027-05-17,LOT-006,Finca 1,0.0,0.0,6.0,7.32,991.13
2027-05-24,LOT-006,Finca 1,0.0,0.0,6.4,7.81,1057.2
2027-05-31,LOT-006,Finca 1,0.0,0.0,6.5,7.93,1073.72
2027-06-07,LOT-006,Finca 1,0.0,0.0,5.2,6.34,858.98
2027-06-14,LOT-006,Finca 1,0.0,0.0,6.0,7.32,991.13
2027-06-21,LOT-006,Finca 1,0.0,0.0,6.6,8.05,1090.24
2027-06-28,LOT-006,Finca 1,0.0,0.0,5.7,6.95,941.57
2027-07-05,LOT-006,Finca 1,0.0,0.0,5.6,6.83,925.05
2027-07-12,LOT-006,Finca 1,0.0,0.0,5.7,6.95,941.57
2027-07-19,LOT-006,Finca 1,0.0,0.0,6.5,7.93,1073.72
2027-07-26,LOT-006,Finca 1,0.0,0.0,6.5,7.93,1073.72
2027-08-02,LOT-006,Finca 1,0.0,0.0,6.3,7.69,1040.68
2026-08-10,LOT-007,Finca 2,0.0,0.0,5.5,6.65,1541.96
2026-08-17,LOT-007,Finca 2,0.0,0.0,6.0,7.26,1682.14
2026-08-24,LOT-007,Finca 2,0.0,0.0,5.5,6.65,1541.96
2026-08-31,LOT-007,Finca 2,0.0,0.0,5.9,7.14,1654.11
2026-09-07,LOT-007,Finca 2,51.9,0.0,5.6,39.47,9145.89
2026-09-14,LOT-007,Finca 2,40.1,0.0,5.7,32.16,7451.47
2026-09-21,LOT-007,Finca 2,43.8,0.0,5.5,34.25,7935.49
2026-09-28,LOT-007,Finca 2,34.9,0.0,6.3,29.61,6860.64
2026-10-05,LOT-007,Finca 2,41.3,0.0,6.4,33.76,7822.89
2026-10-12,LOT-007,Finca 2,37.4,0.0,4.9,29.49,6833.06
2026-10-19,LOT-007,Finca 2,38.3,0.0,6.2,31.63,7328.9
2026-10-26,LOT-007,Finca 2,42.2,0.0,5.0,32.64,7561.76
2026-11-02,LOT-007,Finca 2,40.0,2.6,5.1,80.69,18696.57
2026-11-09,LOT-007,Finca 2,40.8,2.7,5.5,83.61,19371.28
2026-11-16,LOT-007,Finca 2,42.3,2.5,5.5,80.75,18710.7
2026-11-23,LOT-007,Finca 2,39.5,2.0,5.1,69.02,15991.01
2026-11-30,LOT-007,Finca 2,40.8,2.4,5.6,78.06,18085.58
2026-12-07,LOT-007,Finca 2,43.3,2.4,5.5,79.51,18422.47
2026-12-14,LOT-007,Finca 2,43.6,1.7,5.2,66.04,15302.16
2026-12-21,LOT-007,Finca 2,43.0,2.2,5.4,75.4,17470.64
2026-12-28,LOT-007,Finca 2,41.4,2.0,6.0,71.34,16529.94
2027-01-04,LOT-007,Finca 2,0.0,2.7,5.0,57.35,13287.99
2027-01-11,LOT-007,Finca 2,0.0,2.9,5.5,61.76,14308.63
2027-01-18,LOT-007,Finca 2,0.0,2.5,6.4,55.27,12805.83
2027-01-25,LOT-007,Finca 2,0.0,2.8,6.1,60.61,14043.11
2027-02-01,LOT-007,Finca 2,0.0,2.4,6.2,53.13,12309.29
2027-02-08,LOT-007,Finca 2,0.0,2.6,4.9,55.36,12825.75
2027-02-15,LOT-007,Finca 2,0.0,2.8,5.2,59.55,13797.27
2027-02-22,LOT-007,Finca 2,0.0,2.6,4.6,55.02,12747.67
2027-03-01,LOT-007,Finca 2,0.0,2.4,5.4,52.18,12090.57
2027-03-08,LOT-007,Finca 2,0.0,2.0,5.7,44.96,10416.54
2027-03-15,LOT-007,Finca 2,0.0,3.1,5.4,65.53,15182.61
2027-03-22,LOT-007,Finca 2,0.0,2.8,5.0,59.33,13747.69
2027-03-29,LOT-007,Finca 2,0.0,1.8,5.3,40.68,9426.71
2027-04-05,LOT-007,Finca 2,0.0,0.0,4.9,5.93,1373.75
2027-04-12,LOT-007,Finca 2,0.0,0.0,5.8,7.02,1626.07
2027-04-19,LOT-007,Finca 2,0.0,0.0,6.2,7.5,1738.21
2027-04-26,LOT-007,Finca 2,0.0,0.0,6.1,7.44,1724.31
2027-05-03,LOT-007,Finca 2,0.0,0.0,5.9,7.2,1667.78
2027-05-10,LOT-007,Finca 2,0.0,0.0,5.0,6.1,1413.37
2027-05-17,LOT-007,Finca 2,0.0,0.0,6.1,7.44,1724.31
2027-05-24,LOT-007,Finca 2,0.0,0.0,5.3,6.47,1498.17
2027-05-31,LOT-007,Finca 2,0.0,0.0,5.8,7.08,1639.51
2027-06-07,LOT-007,Finca 2,0.0,0.0,6.5,7.93,1837.38
2027-06-14,LOT-007,Finca 2,0.0,0.0,6.1,7.44,1724.31
2027-06-21,LOT-007,Finca 2,0.0,0.0,5.0,6.1,1413.37
2027-06-28,LOT-007,Finca 2,0.0,0.0,6.0,7.32,1696.04
2027-07-05,LOT-007,Finca 2,0.0,0.0,5.9,7.2,1667.78
2027-07-12,LOT-007,Finca 2,0.0,0.0,6.1,7.44,1724.31
2027-07-19,LOT-007,Finca 2,0.0,0.0,6.1,7.44,1724.31
2027-07-26,LOT-007,Finca 2,0.0,0.0,5.5,6.71,1554.71
2027-08-02,LOT-007,Finca 2,0.0,0.0,5.9,7.2,1667.78
2026-08-10,LOT-008,Finca 5,0.0,0.0,6.1,7.38,1380.99
2026-08-17,LOT-008,Finca 5,0.0,0.0,6.6,7.99,1494.18
2026-08-24,LOT-008,Finca 5,0.0,0.0,6.9,8.35,1562.1
2026-08-31,LOT-008,Finca 5,0.0,0.0,7.4,8.95,1675.29
2026-09-07,LOT-008,Finca 5,46.7,0.0,5.4,35.96,6727.18
2026-09-14,LOT-008,Finca 5,37.9,0.0,5.5,30.53,5712.54
2026-09-21,LOT-008,Finca 5,36.0,0.0,5.7,29.58,5533.86
2026-09-28,LOT-008,Finca 5,38.4,0.0,5.4,30.73,5748.83
2026-10-05,LOT-008,Finca 5,45.6,0.0,4.9,34.66,6484.32
2026-10-12,LOT-008,Finca 5,35.0,0.0,5.9,29.19,5461.26
2026-10-19,LOT-008,Finca 5,37.1,0.0,5.7,30.27,5663.52
2026-10-26,LOT-008,Finca 5,30.1,0.0,6.5,26.83,5019.52
2026-11-02,LOT-008,Finca 5,42.1,2.3,5.8,77.17,14438.88
2026-11-09,LOT-008,Finca 5,34.8,2.3,6.0,72.84,13627.99
2026-11-16,LOT-008,Finca 5,39.8,2.3,5.2,75.02,14036.24
2026-11-23,LOT-008,Finca 5,45.8,3.2,5.2,95.88,17939.52
2026-11-30,LOT-008,Finca 5,36.1,2.7,5.6,80.79,15116.18
2026-12-07,LOT-008,Finca 5,45.5,2.0,5.4,73.18,13691.79
2026-12-14,LOT-008,Finca 5,37.6,1.9,5.7,66.67,12473.21
2026-12-21,LOT-008,Finca 5,37.6,3.4,5.5,94.91,17757.47
2026-12-28,LOT-008,Finca 5,35.1,2.6,4.8,77.32,14466.76
2027-01-04,LOT-008,Finca 5,0.0,2.5,5.7,54.4,10177.68
2027-01-11,LOT-008,Finca 5,0.0,2.5,4.5,52.95,9906.01
2027-01-18,LOT-008,Finca 5,0.0,1.9,6.0,43.38,8116.21
2027-01-25,LOT-008,Finca 5,0.0,1.4,5.9,33.75,6315.19
2027-02-01,LOT-008,Finca 5,0.0,2.3,5.0,49.77,9312.53
2027-02-08,LOT-008,Finca 5,0.0,1.4,5.3,33.03,6179.35
2027-02-15,LOT-008,Finca 5,0.0,2.2,4.7,47.53,8893.05
2027-02-22,LOT-008,Finca 5,0.0,3.1,6.2,66.46,12435.41
2027-03-01,LOT-008,Finca 5,0.0,2.1,5.9,47.08,8808.86
2027-03-08,LOT-008,Finca 5,0.0,2.6,4.9,55.41,10366.65
2027-03-15,LOT-008,Finca 5,0.0,2.8,5.6,60.06,11237.23
2027-03-22,LOT-008,Finca 5,0.0,2.3,5.1,49.94,9343.77
2027-03-29,LOT-008,Finca 5,0.0,2.8,5.4,59.85,11197.19
2027-04-05,LOT-008,Finca 5,0.0,0.0,5.7,6.9,1290.43
2027-04-12,LOT-008,Finca 5,0.0,0.0,6.0,7.26,1358.35
2027-04-19,LOT-008,Finca 5,0.0,0.0,6.5,7.87,1471.54
2027-04-26,LOT-008,Finca 5,0.0,0.0,5.8,7.08,1323.92
2027-05-03,LOT-008,Finca 5,0.0,0.0,5.9,7.2,1346.75
2027-05-10,LOT-008,Finca 5,0.0,0.0,5.9,7.2,1346.75
2027-05-17,LOT-008,Finca 5,0.0,0.0,5.6,6.83,1278.27
2027-05-24,LOT-008,Finca 5,0.0,0.0,6.1,7.44,1392.4
2027-05-31,LOT-008,Finca 5,0.0,0.0,5.1,6.22,1164.14
2027-06-07,LOT-008,Finca 5,0.0,0.0,5.8,7.08,1323.92
2027-06-14,LOT-008,Finca 5,0.0,0.0,6.5,7.93,1483.7
2027-06-21,LOT-008,Finca 5,0.0,0.0,6.7,8.17,1529.36
2027-06-28,LOT-008,Finca 5,0.0,0.0,5.2,6.34,1186.96
2027-07-05,LOT-008,Finca 5,0.0,0.0,6.2,7.56,1415.22
2027-07-12,LOT-008,Finca 5,0.0,0.0,6.0,7.32,1369.57
2027-07-19,LOT-008,Finca 5,0.0,0.0,6.0,7.32,1369.57
2027-07-26,LOT-008,Finca 5,0.0,0.0,5.5,6.71,1255.44
2027-08-02,LOT-008,Finca 5,0.0,0.0,5.9,7.2,1346.75
2026-08-10,LOT-009,Finca 5,0.0,0.0,5.4,6.53,328.01
2026-08-17,LOT-009,Finca 5,0.0,0.0,5.2,6.29,315.86
2026-08-24,LOT-009,Finca 5,0.0,0.0,6.1,7.38,370.53
2026-08-31,LOT-009,Finca 5,0.0,0.0,6.0,7.26,364.45
2026-09-07,LOT-009,Finca 5,38.1,0.0,5.4,30.54,1532.96
2026-09-14,LOT-009,Finca 5,43.6,0.0,6.0,34.73,1743.35
2026-09-21,LOT-009,Finca 5,45.2,0.0,5.5,35.13,1763.58
2026-09-28,LOT-009,Finca 5,42.3,0.0,6.3,34.27,1720.45
2026-10-05,LOT-009,Finca 5,46.1,0.0,5.5,35.7,1792.04
2026-10-12,LOT-009,Finca 5,47.1,0.0,5.3,36.09,1811.52
2026-10-19,LOT-009,Finca 5,44.0,0.0,5.2,34.01,1707.4
2026-10-26,LOT-009,Finca 5,41.5,0.0,5.1,32.32,1622.26
2026-11-02,LOT-009,Finca 5,41.1,2.5,5.8,80.34,4032.87
2026-11-09,LOT-009,Finca 5,45.6,2.1,5.6,75.36,3783.17
2026-11-16,LOT-009,Finca 5,43.6,2.8,5.5,87.27,4380.8
2026-11-23,LOT-009,Finca 5,38.6,2.7,6.1,82.95,4163.84
2026-11-30,LOT-009,Finca 5,38.3,3.2,5.1,91.07,4571.61
2026-12-07,LOT-009,Finca 5,37.9,2.5,5.4,77.89,3909.88
2026-12-14,LOT-009,Finca 5,43.1,2.3,6.0,78.09,3920.12
2026-12-21,LOT-009,Finca 5,42.5,2.2,6.3,76.18,3824.04
2026-12-28,LOT-009,Finca 5,28.0,2.4,5.3,69.65,3496.58
2027-01-04,LOT-009,Finca 5,0.0,2.5,5.4,54.03,2712.51
2027-01-11,LOT-009,Finca 5,0.0,3.3,4.8,68.51,3439.1
2027-01-18,LOT-009,Finca 5,0.0,3.3,5.0,68.78,3452.91
2027-01-25,LOT-009,Finca 5,0.0,2.6,6.1,56.81,2851.71
2027-02-01,LOT-009,Finca 5,0.0,2.7,5.3,57.74,2898.55
2027-02-08,LOT-009,Finca 5,0.0,1.9,5.4,42.65,2141.18
2027-02-15,LOT-009,Finca 5,0.0,2.1,5.2,46.23,2320.95
2027-02-22,LOT-009,Finca 5,0.0,2.1,5.3,46.35,2327.02
2027-03-01,LOT-009,Finca 5,0.0,2.4,5.5,52.3,2625.61
2027-03-08,LOT-009,Finca 5,0.0,2.4,6.5,53.54,2687.56
2027-03-15,LOT-009,Finca 5,0.0,2.3,5.7,50.67,2543.43
2027-03-22,LOT-009,Finca 5,0.0,2.4,6.3,53.3,2675.41
2027-03-29,LOT-009,Finca 5,0.0,2.7,5.8,58.43,2932.99
2027-04-05,LOT-009,Finca 5,0.0,0.0,5.3,6.41,321.93
2027-04-12,LOT-009,Finca 5,0.0,0.0,5.6,6.78,340.16
2027-04-19,LOT-009,Finca 5,0.0,0.0,6.0,7.26,364.45
2027-04-26,LOT-009,Finca 5,0.0,0.0,6.1,7.44,373.59
2027-05-03,LOT-009,Finca 5,0.0,0.0,5.4,6.59,330.72
2027-05-10,LOT-009,Finca 5,0.0,0.0,6.1,7.44,373.59
2027-05-17,LOT-009,Finca 5,0.0,0.0,6.2,7.56,379.71
2027-05-24,LOT-009,Finca 5,0.0,0.0,6.1,7.44,373.59
2027-05-31,LOT-009,Finca 5,0.0,0.0,6.1,7.44,373.59
2027-06-07,LOT-009,Finca 5,0.0,0.0,5.9,7.2,361.34
2027-06-14,LOT-009,Finca 5,0.0,0.0,6.0,7.32,367.46
2027-06-21,LOT-009,Finca 5,0.0,0.0,5.9,7.2,361.34
2027-06-28,LOT-009,Finca 5,0.0,0.0,5.3,6.47,324.59
2027-07-05,LOT-009,Finca 5,0.0,0.0,6.0,7.32,367.46
2027-07-12,LOT-009,Finca 5,0.0,0.0,6.8,8.3,416.46
2027-07-19,LOT-009,Finca 5,0.0,0.0,6.0,7.32,367.46
2027-07-26,LOT-009,Finca 5,0.0,0.0,5.5,6.71,336.84
2027-08-02,LOT-009,Finca 5,0.0,0.0,6.6,8.05,404.21
2026-08-10,LOT-010,Finca 5,0.0,0.0,4.7,5.69,2723.5
2026-08-17,LOT-010,Finca 5,0.0,0.0,5.3,6.41,3071.19
2026-08-24,LOT-010,Finca 5,0.0,0.0,5.2,6.29,3013.24
2026-08-31,LOT-010,Finca 5,0.0,0.0,6.4,7.74,3708.6
2026-09-07,LOT-010,Finca 5,42.9,0.0,6.6,35.01,16767.73
2026-09-14,LOT-010,Finca 5,48.8,0.0,4.6,36.31,17388.86
2026-09-21,LOT-010,Finca 5,42.9,0.0,4.7,32.71,15666.73
2026-09-28,LOT-010,Finca 5,52.9,0.0,4.8,39.13,18741.75
2026-10-05,LOT-010,Finca 5,36.0,0.0,4.4,28.0,13411.12
2026-10-12,LOT-010,Finca 5,30.7,0.0,6.5,27.21,13028.95
2026-10-19,LOT-010,Finca 5,42.3,0.0,5.2,32.94,15775.44
2026-10-26,LOT-010,Finca 5,41.9,0.0,5.3,32.81,15712.71
2026-11-02,LOT-010,Finca 5,44.8,2.7,5.9,86.58,41464.12
2026-11-09,LOT-010,Finca 5,36.5,2.8,5.1,82.31,39418.26
2026-11-16,LOT-010,Finca 5,43.8,3.3,4.8,96.04,45991.64
2026-11-23,LOT-010,Finca 5,37.0,2.5,5.9,77.9,37305.83
2026-11-30,LOT-010,Finca 5,46.7,2.9,4.9,90.42,43302.62
2026-12-07,LOT-010,Finca 5,40.4,1.9,5.6,68.31,32713.18
2026-12-14,LOT-010,Finca 5,42.4,2.3,4.8,76.2,36490.74
2026-12-21,LOT-010,Finca 5,38.9,2.2,5.5,72.94,34930.97
2026-12-28,LOT-010,Finca 5,34.9,2.9,4.3,82.29,39408.68
2027-01-04,LOT-010,Finca 5,0.0,2.8,5.3,59.61,28548.67
2027-01-11,LOT-010,Finca 5,0.0,2.9,5.3,61.51,29458.58
2027-01-18,LOT-010,Finca 5,0.0,2.7,5.3,57.74,27651.69
2027-01-25,LOT-010,Finca 5,0.0,3.1,6.5,66.8,31988.6
2027-02-01,LOT-010,Finca 5,0.0,2.3,6.3,51.35,24589.6
2027-02-08,LOT-010,Finca 5,0.0,2.6,4.8,55.23,26451.56
2027-02-15,LOT-010,Finca 5,0.0,2.8,6.1,60.64,29039.06
2027-02-22,LOT-010,Finca 5,0.0,1.9,4.5,41.58,19914.1
2027-03-01,LOT-010,Finca 5,0.0,2.2,5.9,48.98,23457.96
2027-03-08,LOT-010,Finca 5,0.0,2.1,5.2,46.26,22151.52
2027-03-15,LOT-010,Finca 5,0.0,3.0,6.1,64.47,30875.16
2027-03-22,LOT-010,Finca 5,0.0,2.3,5.4,50.3,24090.11
2027-03-29,LOT-010,Finca 5,0.0,2.7,5.4,57.94,27748.42
2027-04-05,LOT-010,Finca 5,0.0,0.0,6.3,7.62,3650.65
2027-04-12,LOT-010,Finca 5,0.0,0.0,5.5,6.65,3187.08
2027-04-19,LOT-010,Finca 5,0.0,0.0,5.4,6.53,3129.13
2027-04-26,LOT-010,Finca 5,0.0,0.0,6.2,7.56,3622.4
2027-05-03,LOT-010,Finca 5,0.0,0.0,6.0,7.32,3505.55
2027-05-10,LOT-010,Finca 5,0.0,0.0,5.8,7.08,3388.7
2027-05-17,LOT-010,Finca 5,0.0,0.0,5.9,7.2,3447.12
2027-05-24,LOT-010,Finca 5,0.0,0.0,5.9,7.2,3447.12
2027-05-31,LOT-010,Finca 5,0.0,0.0,6.1,7.44,3563.97
2027-06-07,LOT-010,Finca 5,0.0,0.0,6.4,7.81,3739.25
2027-06-14,LOT-010,Finca 5,0.0,0.0,6.3,7.69,3680.83
2027-06-21,LOT-010,Finca 5,0.0,0.0,6.6,8.05,3856.1
2027-06-28,LOT-010,Finca 5,0.0,0.0,5.8,7.08,3388.7
2027-07-05,LOT-010,Finca 5,0.0,0.0,5.8,7.08,3388.7
2027-07-12,LOT-010,Finca 5,0.0,0.0,6.4,7.81,3739.25
2027-07-19,LOT-010,Finca 5,0.0,0.0,6.3,7.69,3680.83
2027-07-26,LOT-010,Finca 5,0.0,0.0,5.1,6.22,2979.72
2027-08-02,LOT-010,Finca 5,0.0,0.0,6.7,8.17,3914.53
2026-08-10,LOT-011,Finca 3,0.0,0.0,5.6,6.78,2087.01
2026-08-17,LOT-011,Finca 3,0.0,0.0,5.8,7.02,2161.54
2026-08-24,LOT-011,Finca 3,0.0,0.0,6.5,7.87,2422.42
2026-08-31,LOT-011,Finca 3,0.0,0.0,7.0,8.47,2608.76
2026-09-07,LOT-011,Finca 3,44.7,0.0,5.5,34.82,10723.33
2026-09-14,LOT-011,Finca 3,39.0,0.0,5.6,31.35,9654.57
2026-09-21,LOT-011,Finca 3,44.1,0.0,4.9,33.71,10383.3
2026-09-28,LOT-011,Finca 3,33.1,0.0,6.2,28.36,8733.34
2026-10-05,LOT-011,Finca 3,37.3,0.0,6.3,31.12,9585.58
2026-10-12,LOT-011,Finca 3,44.4,0.0,4.9,33.9,10441.51
2026-10-19,LOT-011,Finca 3,43.9,0.0,4.6,33.22,10232.68
2026-10-26,LOT-011,Finca 3,36.9,0.0,4.3,28.45,8762.6
2026-11-02,LOT-011,Finca 3,34.0,2.3,5.5,71.71,22085.45
2026-11-09,LOT-011,Finca 3,44.2,2.4,6.1,80.78,24879.93
2026-11-16,LOT-011,Finca 3,38.8,2.5,5.2,78.19,24081.29
2026-11-23,LOT-011,Finca 3,45.5,2.4,4.7,79.9,24610.43
2026-11-30,LOT-011,Finca 3,48.4,3.7,4.4,106.08,32672.33
2026-12-07,LOT-011,Finca 3,34.3,3.1,5.3,86.89,26762.43
2026-12-14,LOT-011,Finca 3,38.7,2.3,5.0,74.11,22825.26
2026-12-21,LOT-011,Finca 3,52.7,2.7,5.5,91.13,28067.73
2026-12-28,LOT-011,Finca 3,43.6,2.3,5.2,77.46,23857.68
2027-01-04,LOT-011,Finca 3,0.0,2.7,5.5,57.96,17850.14
2027-01-11,LOT-011,Finca 3,0.0,2.3,4.8,49.51,15248.46
2027-01-18,LOT-011,Finca 3,0.0,2.6,6.3,57.05,17571.09
2027-01-25,LOT-011,Finca 3,0.0,2.4,6.0,52.88,16288.27
2027-02-01,LOT-011,Finca 3,0.0,3.7,6.0,77.6,23899.88
2027-02-08,LOT-011,Finca 3,0.0,2.7,6.1,58.71,18082.06
2027-02-15,LOT-011,Finca 3,0.0,2.4,5.7,52.54,16183.86
2027-02-22,LOT-011,Finca 3,0.0,3.1,5.8,65.98,20321.84
2027-03-01,LOT-011,Finca 3,0.0,2.9,5.4,61.69,19001.14
2027-03-08,LOT-011,Finca 3,0.0,2.5,5.0,53.62,16516.5
2027-03-15,LOT-011,Finca 3,0.0,2.4,5.4,52.21,16079.45
2027-03-22,LOT-011,Finca 3,0.0,2.7,5.9,58.52,18024.16
2027-03-29,LOT-011,Finca 3,0.0,2.4,5.9,52.84,16273.18
2027-04-05,LOT-011,Finca 3,0.0,0.0,6.8,8.23,2534.22
2027-04-12,LOT-011,Finca 3,0.0,0.0,6.0,7.26,2236.08
2027-04-19,LOT-011,Finca 3,0.0,0.0,5.8,7.02,2161.54
2027-04-26,LOT-011,Finca 3,0.0,0.0,6.2,7.56,2329.71
2027-05-03,LOT-011,Finca 3,0.0,0.0,5.9,7.2,2216.98
2027-05-10,LOT-011,Finca 3,0.0,0.0,6.4,7.81,2404.86
2027-05-17,LOT-011,Finca 3,0.0,0.0,5.0,6.1,1878.8
2027-05-24,LOT-011,Finca 3,0.0,0.0,6.4,7.81,2404.86
2027-05-31,LOT-011,Finca 3,0.0,0.0,6.5,7.93,2442.44
2027-06-07,LOT-011,Finca 3,0.0,0.0,6.4,7.81,2404.86
2027-06-14,LOT-011,Finca 3,0.0,0.0,6.1,7.44,2292.14
2027-06-21,LOT-011,Finca 3,0.0,0.0,7.0,8.54,2630.32
2027-06-28,LOT-011,Finca 3,0.0,0.0,5.6,6.83,2104.26
2027-07-05,LOT-011,Finca 3,0.0,0.0,5.5,6.71,2066.68
2027-07-12,LOT-011,Finca 3,0.0,0.0,6.8,8.3,2555.17
2027-07-19,LOT-011,Finca 3,0.0,0.0,5.8,7.08,2179.41
2027-07-26,LOT-011,Finca 3,0.0,0.0,6.5,7.93,2442.44
2027-08-02,LOT-011,Finca 3,0.0,0.0,6.6,8.05,2480.02
2026-08-10,LOT-012,Finca 2,0.0,0.0,5.5,6.65,809.91
2026-08-17,LOT-012,Finca 2,0.0,0.0,6.6,7.99,971.9
2026-08-24,LOT-012,Finca 2,0.0,0.0,6.8,8.23,1001.35
2026-08-31,LOT-012,Finca 2,0.0,0.0,5.5,6.65,809.91
2026-09-07,LOT-012,Finca 2,39.2,0.0,6.1,32.08,3903.77
2026-09-14,LOT-012,Finca 2,41.1,0.0,5.0,31.94,3887.46
2026-09-21,LOT-012,Finca 2,38.5,0.0,5.6,31.03,3776.47
2026-09-28,LOT-012,Finca 2,38.2,0.0,5.5,30.72,3738.75
2026-10-05,LOT-012,Finca 2,44.4,0.0,5.1,34.14,4155.2
2026-10-12,LOT-012,Finca 2,35.9,0.0,5.1,28.79,3503.5
2026-10-19,LOT-012,Finca 2,40.1,0.0,5.1,31.43,3825.52
2026-10-26,LOT-012,Finca 2,43.9,0.0,4.9,33.59,4087.42
2026-11-02,LOT-012,Finca 2,33.6,2.8,5.7,81.18,9879.73
2026-11-09,LOT-012,Finca 2,43.4,2.3,5.2,77.29,9405.95
2026-11-16,LOT-012,Finca 2,41.6,3.1,5.0,91.1,11086.38
2026-11-23,LOT-012,Finca 2,36.1,2.6,5.0,78.14,9509.76
2026-11-30,LOT-012,Finca 2,39.9,2.6,6.0,81.77,9951.53
2026-12-07,LOT-012,Finca 2,44.3,2.0,5.1,72.06,8769.7
2026-12-14,LOT-012,Finca 2,41.6,2.6,5.0,81.63,9934.61
2026-12-21,LOT-012,Finca 2,40.2,2.6,5.6,81.48,9915.63
2026-12-28,LOT-012,Finca 2,37.9,2.4,5.5,76.13,9265.26
2027-01-04,LOT-012,Finca 2,0.0,2.0,5.2,44.29,5390.34
2027-01-11,LOT-012,Finca 2,0.0,2.8,4.8,59.01,7181.27
2027-01-18,LOT-012,Finca 2,0.0,2.0,6.1,45.4,5525.3
2027-01-25,LOT-012,Finca 2,0.0,2.1,5.4,46.46,5653.57
2027-02-01,LOT-012,Finca 2,0.0,2.6,5.7,56.32,6854.51
2027-02-08,LOT-012,Finca 2,0.0,3.0,5.4,63.56,7735.74
2027-02-15,LOT-012,Finca 2,0.0,1.9,5.4,42.67,5193.18
2027-02-22,LOT-012,Finca 2,0.0,2.1,5.0,45.99,5597.23
2027-03-01,LOT-012,Finca 2,0.0,2.1,5.8,46.96,5715.03
2027-03-08,LOT-012,Finca 2,0.0,2.5,5.3,53.99,6570.34
2027-03-15,LOT-012,Finca 2,0.0,2.6,5.6,56.25,6846.11
2027-03-22,LOT-012,Finca 2,0.0,3.0,5.8,64.11,7801.94
2027-03-29,LOT-012,Finca 2,0.0,2.8,5.4,59.85,7283.26
2027-04-05,LOT-012,Finca 2,0.0,0.0,5.5,6.65,809.91
2027-04-12,LOT-012,Finca 2,0.0,0.0,6.1,7.38,898.27
2027-04-19,LOT-012,Finca 2,0.0,0.0,5.6,6.78,824.64
2027-04-26,LOT-012,Finca 2,0.0,0.0,5.7,6.95,846.3
2027-05-03,LOT-012,Finca 2,0.0,0.0,7.2,8.78,1069.01
2027-05-10,LOT-012,Finca 2,0.0,0.0,5.7,6.95,846.3
2027-05-17,LOT-012,Finca 2,0.0,0.0,5.7,6.95,846.3
2027-05-24,LOT-012,Finca 2,0.0,0.0,5.9,7.2,876.0
2027-05-31,LOT-012,Finca 2,0.0,0.0,5.8,7.08,861.15
2027-06-07,LOT-012,Finca 2,0.0,0.0,6.5,7.93,965.08
2027-06-14,LOT-012,Finca 2,0.0,0.0,6.3,7.69,935.39
2027-06-21,LOT-012,Finca 2,0.0,0.0,6.3,7.69,935.39
2027-06-28,LOT-012,Finca 2,0.0,0.0,6.7,8.17,994.78
2027-07-05,LOT-012,Finca 2,0.0,0.0,4.4,5.37,653.29
2027-07-12,LOT-012,Finca 2,0.0,0.0,6.6,8.05,979.93
2027-07-19,LOT-012,Finca 2,0.0,0.0,6.4,7.81,950.23
2027-07-26,LOT-012,Finca 2,0.0,0.0,6.1,7.44,905.69
2027-08-02,LOT-012,Finca 2,0.0,0.0,6.3,7.69,935.39
2026-08-10,LOT-013,Finca 5,0.0,0.0,5.5,6.65,1573.91
2026-08-17,LOT-013,Finca 5,0.0,0.0,6.0,7.26,1716.99
2026-08-24,LOT-013,Finca 5,0.0,0.0,5.5,6.65,1573.91
2026-08-31,LOT-013,Finca 5,0.0,0.0,5.7,6.9,1631.14
2026-09-07,LOT-013,Finca 5,35.5,0.0,5.4,28.9,6834.61
2026-09-14,LOT-013,Finca 5,44.9,0.0,5.9,35.43,8378.25
2026-09-21,LOT-013,Finca 5,41.2,0.0,6.4,33.7,7970.05
2026-09-28,LOT-013,Finca 5,38.5,0.0,5.5,30.91,7310.21
2026-10-05,LOT-013,Finca 5,38.1,0.0,5.7,30.9,7307.85
2026-10-12,LOT-013,Finca 5,40.0,0.0,6.0,32.46,7676.79
2026-10-19,LOT-013,Finca 5,43.1,0.0,5.8,34.17,8081.44
2026-10-26,LOT-013,Finca 5,38.2,0.0,5.6,30.84,7294.13
2026-11-02,LOT-013,Finca 5,31.1,2.6,5.7,75.81,17929.54
2026-11-09,LOT-013,Finca 5,39.2,2.5,5.5,78.8,18636.44
2026-11-16,LOT-013,Finca 5,46.5,2.9,6.7,92.44,21863.01
2026-11-23,LOT-013,Finca 5,28.6,2.5,5.4,72.0,17028.47
2026-11-30,LOT-013,Finca 5,40.8,3.3,5.0,94.42,22330.57
2026-12-07,LOT-013,Finca 5,37.0,2.2,5.3,71.5,16909.99
2026-12-14,LOT-013,Finca 5,37.3,2.3,5.4,73.71,17432.41
2026-12-21,LOT-013,Finca 5,40.6,2.1,5.7,72.35,17111.72
2026-12-28,LOT-013,Finca 5,38.5,2.4,5.9,76.99,18209.08
2027-01-04,LOT-013,Finca 5,0.0,2.7,6.4,59.04,13963.91
2027-01-11,LOT-013,Finca 5,0.0,2.6,5.3,55.81,13199.77
2027-01-18,LOT-013,Finca 5,0.0,2.6,4.8,55.23,13062.84
2027-01-25,LOT-013,Finca 5,0.0,2.9,5.9,62.27,14726.38
2027-02-01,LOT-013,Finca 5,0.0,3.4,5.3,71.05,16802.62
2027-02-08,LOT-013,Finca 5,0.0,2.5,5.4,54.06,12784.95
2027-02-15,LOT-013,Finca 5,0.0,2.0,6.2,45.54,10770.68
2027-02-22,LOT-013,Finca 5,0.0,2.7,5.7,58.25,13776.36
2027-03-01,LOT-013,Finca 5,0.0,2.6,5.6,56.23,13297.92
2027-03-08,LOT-013,Finca 5,0.0,2.7,5.1,57.55,13611.05
2027-03-15,LOT-013,Finca 5,0.0,2.5,5.3,53.99,12768.16
2027-03-22,LOT-013,Finca 5,0.0,2.3,5.4,50.3,11896.66
2027-03-29,LOT-013,Finca 5,0.0,1.9,6.2,43.68,10329.85
2027-04-05,LOT-013,Finca 5,0.0,0.0,5.9,7.14,1688.37
2027-04-12,LOT-013,Finca 5,0.0,0.0,5.8,7.02,1659.76
2027-04-19,LOT-013,Finca 5,0.0,0.0,6.1,7.38,1745.61
2027-04-26,LOT-013,Finca 5,0.0,0.0,6.1,7.44,1760.03
2027-05-03,LOT-013,Finca 5,0.0,0.0,6.0,7.32,1731.18
2027-05-10,LOT-013,Finca 5,0.0,0.0,6.1,7.44,1760.03
2027-05-17,LOT-013,Finca 5,0.0,0.0,6.2,7.56,1788.89
2027-05-24,LOT-013,Finca 5,0.0,0.0,6.0,7.32,1731.18
2027-05-31,LOT-013,Finca 5,0.0,0.0,6.4,7.81,1846.59
2027-06-07,LOT-013,Finca 5,0.0,0.0,6.3,7.69,1817.74
2027-06-14,LOT-013,Finca 5,0.0,0.0,5.8,7.08,1673.47
2027-06-21,LOT-013,Finca 5,0.0,0.0,5.8,7.08,1673.47
2027-06-28,LOT-013,Finca 5,0.0,0.0,5.2,6.34,1500.36
2027-07-05,LOT-013,Finca 5,0.0,0.0,6.0,7.32,1731.18
2027-07-12,LOT-013,Finca 5,0.0,0.0,6.0,7.32,1731.18
2027-07-19,LOT-013,Finca 5,0.0,0.0,6.1,7.44,1760.03
2027-07-26,LOT-013,Finca 5,0.0,0.0,5.3,6.47,1529.21
2027-08-02,LOT-013,Finca 5,0.0,0.0,6.0,7.32,1731.18
2026-08-10,LOT-014,Finca 4,0.0,0.0,5.5,6.65,3182.42
2026-08-17,LOT-014,Finca 4,0.0,0.0,5.6,6.78,3240.28
2026-08-24,LOT-014,Finca 4,0.0,0.0,6.7,8.11,3876.77
2026-08-31,LOT-014,Finca 4,0.0,0.0,6.6,7.99,3818.91
2026-09-07,LOT-014,Finca 4,40.7,0.0,5.7,32.54,15559.67
2026-09-14,LOT-014,Finca 4,36.9,0.0,5.6,30.02,14357.0
2026-09-21,LOT-014,Finca 4,27.5,0.0,5.6,24.1,11525.1
2026-09-28,LOT-014,Finca 4,43.2,0.0,4.6,32.78,15676.35
2026-10-05,LOT-014,Finca 4,38.9,0.0,5.3,30.92,14785.94
2026-10-12,LOT-014,Finca 4,36.4,0.0,5.5,29.59,14148.5
2026-10-19,LOT-014,Finca 4,46.3,0.0,5.4,35.7,17073.17
2026-10-26,LOT-014,Finca 4,36.9,0.0,5.1,29.42,14067.69
2026-11-02,LOT-014,Finca 4,35.6,2.1,5.1,68.44,32726.1
2026-11-09,LOT-014,Finca 4,39.5,2.6,5.9,81.37,38912.09
2026-11-16,LOT-014,Finca 4,32.7,2.7,5.1,78.02,37308.21
2026-11-23,LOT-014,Finca 4,36.4,3.0,5.4,86.41,41319.35
2026-11-30,LOT-014,Finca 4,32.1,2.4,6.6,73.78,35283.99
2026-12-07,LOT-014,Finca 4,44.2,2.5,5.2,81.61,39027.34
2026-12-14,LOT-014,Finca 4,36.8,3.2,5.2,90.24,43154.68
2026-12-21,LOT-014,Finca 4,42.8,3.3,5.8,96.65,46217.55
2026-12-28,LOT-014,Finca 4,35.3,2.4,5.5,74.49,35623.03
2027-01-04,LOT-014,Finca 4,0.0,1.6,5.6,37.18,17777.56
2027-01-11,LOT-014,Finca 4,0.0,2.1,5.9,47.04,22494.05
2027-01-18,LOT-014,Finca 4,0.0,2.4,4.9,51.55,24652.64
2027-01-25,LOT-014,Finca 4,0.0,1.8,5.9,41.36,19776.92
2027-02-01,LOT-014,Finca 4,0.0,2.9,6.1,62.51,29892.28
2027-02-08,LOT-014,Finca 4,0.0,2.0,5.7,44.92,21479.31
2027-02-15,LOT-014,Finca 4,0.0,2.7,5.0,57.4,27450.59
2027-02-22,LOT-014,Finca 4,0.0,2.7,5.6,58.13,27797.77
2027-03-01,LOT-014,Finca 4,0.0,2.1,5.7,46.84,22398.41
2027-03-08,LOT-014,Finca 4,0.0,3.5,5.7,73.5,35148.66
2027-03-15,LOT-014,Finca 4,0.0,2.6,5.7,56.38,26958.52
2027-03-22,LOT-014,Finca 4,0.0,2.6,5.6,56.25,26900.66
2027-03-29,LOT-014,Finca 4,0.0,2.2,6.6,49.87,23849.75
2027-04-05,LOT-014,Finca 4,0.0,0.0,5.8,7.02,3356.01
2027-04-12,LOT-014,Finca 4,0.0,0.0,5.9,7.14,3413.87
2027-04-19,LOT-014,Finca 4,0.0,0.0,6.5,7.87,3761.04
2027-04-26,LOT-014,Finca 4,0.0,0.0,6.0,7.32,3500.42
2027-05-03,LOT-014,Finca 4,0.0,0.0,5.7,6.95,3325.4
2027-05-10,LOT-014,Finca 4,0.0,0.0,5.4,6.59,3150.38
2027-05-17,LOT-014,Finca 4,0.0,0.0,7.1,8.66,4142.17
2027-05-24,LOT-014,Finca 4,0.0,0.0,5.7,6.95,3325.4
2027-05-31,LOT-014,Finca 4,0.0,0.0,5.0,6.1,2917.02
2027-06-07,LOT-014,Finca 4,0.0,0.0,5.5,6.71,3208.72
2027-06-14,LOT-014,Finca 4,0.0,0.0,6.6,8.05,3850.47
2027-06-21,LOT-014,Finca 4,0.0,0.0,5.7,6.95,3325.4
2027-06-28,LOT-014,Finca 4,0.0,0.0,6.3,7.69,3675.45
2027-07-05,LOT-014,Finca 4,0.0,0.0,6.6,8.05,3850.47
2027-07-12,LOT-014,Finca 4,0.0,0.0,5.5,6.71,3208.72
2027-07-19,LOT-014,Finca 4,0.0,0.0,6.8,8.3,3967.15
2027-07-26,LOT-014,Finca 4,0.0,0.0,5.5,6.71,3208.72
2027-08-02,LOT-014,Finca 4,0.0,0.0,5.6,6.83,3267.06
2026-08-10,LOT-015,Finca 4,0.0,0.0,5.9,7.14,1446.36
2026-08-17,LOT-015,Finca 4,0.0,0.0,6.2,7.5,1519.91
2026-08-24,LOT-015,Finca 4,0.0,0.0,4.2,5.08,1029.61
2026-08-31,LOT-015,Finca 4,0.0,0.0,6.2,7.5,1519.91
2026-09-07,LOT-015,Finca 4,44.9,0.0,5.7,35.18,7128.28
2026-09-14,LOT-015,Finca 4,43.8,0.0,4.7,33.28,6742.73
2026-09-21,LOT-015,Finca 4,44.4,0.0,5.5,34.63,7015.43
2026-09-28,LOT-015,Finca 4,45.6,0.0,5.6,35.5,7193.11
2026-10-05,LOT-015,Finca 4,31.2,0.0,5.6,26.43,5355.12
2026-10-12,LOT-015,Finca 4,39.6,0.0,4.8,30.76,6231.17
2026-10-19,LOT-015,Finca 4,25.3,0.0,5.1,22.11,4479.49
2026-10-26,LOT-015,Finca 4,38.5,0.0,4.8,30.06,6090.76
2026-11-02,LOT-015,Finca 4,37.6,2.3,5.4,73.85,14962.62
2026-11-09,LOT-015,Finca 4,43.3,2.9,5.4,88.86,18002.02
2026-11-16,LOT-015,Finca 4,38.0,2.8,5.2,83.38,16891.98
2026-11-23,LOT-015,Finca 4,42.1,2.1,5.1,72.55,14699.04
2026-11-30,LOT-015,Finca 4,45.9,2.5,5.0,82.44,16702.75
2026-12-07,LOT-015,Finca 4,35.0,2.1,5.6,68.7,13919.63
2026-12-14,LOT-015,Finca 4,45.6,2.9,5.1,89.97,18227.92
2026-12-21,LOT-015,Finca 4,45.9,2.9,5.0,90.04,18241.7
2026-12-28,LOT-015,Finca 4,39.8,2.3,6.0,76.03,15404.49
2027-01-04,LOT-015,Finca 4,0.0,2.4,5.3,52.01,10537.83
2027-01-11,LOT-015,Finca 4,0.0,3.4,6.1,71.98,14583.35
2027-01-18,LOT-015,Finca 4,0.0,2.2,5.0,47.87,9698.87
2027-01-25,LOT-015,Finca 4,0.0,2.2,5.0,47.87,9698.87
2027-02-01,LOT-015,Finca 4,0.0,2.9,5.7,62.03,12566.47
2027-02-08,LOT-015,Finca 4,0.0,2.8,6.0,60.49,12254.87
2027-02-15,LOT-015,Finca 4,0.0,2.4,4.8,51.46,10424.99
2027-02-22,LOT-015,Finca 4,0.0,3.0,4.7,62.75,12712.54
2027-03-01,LOT-015,Finca 4,0.0,2.1,6.1,47.32,9587.64
2027-03-08,LOT-015,Finca 4,0.0,2.2,6.0,49.13,9952.93
2027-03-15,LOT-015,Finca 4,0.0,2.5,6.3,55.2,11183.11
2027-03-22,LOT-015,Finca 4,0.0,2.2,4.8,47.67,9658.75
2027-03-29,LOT-015,Finca 4,0.0,2.0,5.4,44.61,9038.8
2027-04-05,LOT-015,Finca 4,0.0,0.0,5.3,6.41,1299.27
2027-04-12,LOT-015,Finca 4,0.0,0.0,6.2,7.5,1519.91
2027-04-19,LOT-015,Finca 4,0.0,0.0,5.2,6.29,1274.76
2027-04-26,LOT-015,Finca 4,0.0,0.0,6.2,7.56,1532.47
2027-05-03,LOT-015,Finca 4,0.0,0.0,5.8,7.08,1433.6
2027-05-10,LOT-015,Finca 4,0.0,0.0,5.9,7.2,1458.31
2027-05-17,LOT-015,Finca 4,0.0,0.0,6.8,8.3,1680.77
2027-05-24,LOT-015,Finca 4,0.0,0.0,5.9,7.2,1458.31
2027-05-31,LOT-015,Finca 4,0.0,0.0,6.3,7.69,1557.18
2027-06-07,LOT-015,Finca 4,0.0,0.0,5.4,6.59,1334.73
2027-06-14,LOT-015,Finca 4,0.0,0.0,6.1,7.44,1507.75
2027-06-21,LOT-015,Finca 4,0.0,0.0,5.4,6.59,1334.73
2027-06-28,LOT-015,Finca 4,0.0,0.0,5.7,6.95,1408.88
2027-07-05,LOT-015,Finca 4,0.0,0.0,5.6,6.83,1384.16
2027-07-12,LOT-015,Finca 4,0.0,0.0,5.8,7.08,1433.6
2027-07-19,LOT-015,Finca 4,0.0,0.0,5.4,6.59,1334.73
2027-07-26,LOT-015,Finca 4,0.0,0.0,7.3,8.91,1804.36
2027-08-02,LOT-015,Finca 4,0.0,0.0,6.2,7.56,1532.47
2026-08-10,LOT-016,Finca 3,0.0,0.0,5.5,6.65,221.61
2026-08-17,LOT-016,Finca 3,0.0,0.0,5.3,6.41,213.55
2026-08-24,LOT-016,Finca 3,0.0,0.0,5.4,6.53,217.58
2026-08-31,LOT-016,Finca 3,0.0,0.0,5.8,7.02,233.7
2026-09-07,LOT-016,Finca 3,37.1,0.0,6.0,30.63,1020.08
2026-09-14,LOT-016,Finca 3,45.2,0.0,5.4,35.01,1165.83
2026-09-21,LOT-016,Finca 3,42.8,0.0,5.8,33.98,1131.6
2026-09-28,LOT-016,Finca 3,46.3,0.0,5.3,35.58,1184.88
2026-10-05,LOT-016,Finca 3,35.9,0.0,5.7,29.51,982.82
2026-10-12,LOT-016,Finca 3,33.6,0.0,5.9,28.31,942.62
2026-10-19,LOT-016,Finca 3,45.2,0.0,6.0,35.74,1190.01
2026-10-26,LOT-016,Finca 3,31.7,0.0,5.8,26.99,898.73
2026-11-02,LOT-016,Finca 3,32.2,2.7,5.8,78.52,2614.82
2026-11-09,LOT-016,Finca 3,47.3,2.5,5.1,83.42,2777.89
2026-11-16,LOT-016,Finca 3,44.7,2.8,5.7,88.2,2937.13
2026-11-23,LOT-016,Finca 3,38.2,2.4,6.2,77.12,2568.1
2026-11-30,LOT-016,Finca 3,39.4,2.6,5.4,80.73,2688.31
2026-12-07,LOT-016,Finca 3,39.6,1.6,4.4,60.66,2019.84
2026-12-14,LOT-016,Finca 3,41.5,2.0,5.3,70.54,2348.92
2026-12-21,LOT-016,Finca 3,40.9,2.7,5.8,84.06,2799.13
2026-12-28,LOT-016,Finca 3,26.6,3.0,5.7,80.66,2685.81
2027-01-04,LOT-016,Finca 3,0.0,1.9,5.5,42.76,1423.74
2027-01-11,LOT-016,Finca 3,0.0,2.4,4.6,51.17,1703.83
2027-01-18,LOT-016,Finca 3,0.0,2.0,6.2,45.52,1515.88
2027-01-25,LOT-016,Finca 3,0.0,2.6,5.6,56.2,1871.53
2027-02-01,LOT-016,Finca 3,0.0,2.6,6.1,56.81,1891.67
2027-02-08,LOT-016,Finca 3,0.0,2.8,5.3,59.64,1986.05
2027-02-15,LOT-016,Finca 3,0.0,2.4,4.5,51.09,1701.4
2027-02-22,LOT-016,Finca 3,0.0,2.3,4.5,49.19,1638.06
2027-03-01,LOT-016,Finca 3,0.0,1.5,6.0,35.79,1191.81
2027-03-08,LOT-016,Finca 3,0.0,2.5,4.5,53.02,1765.57
2027-03-15,LOT-016,Finca 3,0.0,2.5,4.8,53.38,1777.65
2027-03-22,LOT-016,Finca 3,0.0,2.8,5.6,60.06,2000.0
2027-03-29,LOT-016,Finca 3,0.0,2.6,5.6,56.28,1874.12
2027-04-05,LOT-016,Finca 3,0.0,0.0,6.0,7.26,241.76
2027-04-12,LOT-016,Finca 3,0.0,0.0,6.2,7.5,249.82
2027-04-19,LOT-016,Finca 3,0.0,0.0,7.1,8.59,286.08
2027-04-26,LOT-016,Finca 3,0.0,0.0,5.6,6.83,227.51
2027-05-03,LOT-016,Finca 3,0.0,0.0,6.6,8.05,268.13
2027-05-10,LOT-016,Finca 3,0.0,0.0,5.4,6.59,219.38
2027-05-17,LOT-016,Finca 3,0.0,0.0,6.5,7.93,264.07
2027-05-24,LOT-016,Finca 3,0.0,0.0,6.4,7.81,260.01
2027-05-31,LOT-016,Finca 3,0.0,0.0,6.3,7.69,255.94
2027-06-07,LOT-016,Finca 3,0.0,0.0,6.2,7.56,251.88
2027-06-14,LOT-016,Finca 3,0.0,0.0,5.3,6.47,215.32
2027-06-21,LOT-016,Finca 3,0.0,0.0,5.5,6.71,223.44
2027-06-28,LOT-016,Finca 3,0.0,0.0,5.9,7.2,239.69
2027-07-05,LOT-016,Finca 3,0.0,0.0,6.5,7.93,264.07
2027-07-12,LOT-016,Finca 3,0.0,0.0,6.2,7.56,251.88
2027-07-19,LOT-016,Finca 3,0.0,0.0,5.3,6.47,215.32
2027-07-26,LOT-016,Finca 3,0.0,0.0,5.8,7.08,235.63
2027-08-02,LOT-016,Finca 3,0.0,0.0,6.1,7.44,247.82
2026-08-10,LOT-017,Finca 1,0.0,0.0,5.8,7.02,2708.95
2026-08-17,LOT-017,Finca 1,0.0,0.0,6.7,8.11,3129.3
2026-08-24,LOT-017,Finca 1,0.0,0.0,5.8,7.02,2708.95
2026-08-31,LOT-017,Finca 1,0.0,0.0,4.5,5.45,2101.77
2026-09-07,LOT-017,Finca 1,44.2,0.0,5.3,34.26,13223.97
2026-09-14,LOT-017,Finca 1,38.6,0.0,5.3,30.73,11862.17
2026-09-21,LOT-017,Finca 1,30.3,0.0,4.8,24.9,9610.24
2026-09-28,LOT-017,Finca 1,41.4,0.0,5.3,32.49,12543.07
2026-10-05,LOT-017,Finca 1,37.0,0.0,4.9,29.24,11286.25
2026-10-12,LOT-017,Finca 1,42.0,0.0,4.9,32.39,12502.15
2026-10-19,LOT-017,Finca 1,39.3,0.0,5.5,31.41,12125.8
2026-10-26,LOT-017,Finca 1,44.7,0.0,4.9,34.09,13158.74
2026-11-02,LOT-017,Finca 1,44.7,2.4,5.5,80.34,31012.78
2026-11-09,LOT-017,Finca 1,42.2,2.5,4.7,79.72,30773.08
2026-11-16,LOT-017,Finca 1,40.2,1.5,5.3,60.21,23240.67
2026-11-23,LOT-017,Finca 1,36.4,3.7,5.7,100.06,38621.23
2026-11-30,LOT-017,Finca 1,36.0,2.9,6.3,85.37,32954.36
2026-12-07,LOT-017,Finca 1,43.6,2.4,5.7,79.94,30857.23
2026-12-14,LOT-017,Finca 1,37.7,3.2,5.3,90.93,35099.75
2026-12-21,LOT-017,Finca 1,41.3,2.3,4.9,75.62,29191.25
2026-12-28,LOT-017,Finca 1,32.3,2.0,5.1,64.52,24904.72
2027-01-04,LOT-017,Finca 1,0.0,2.3,5.7,50.6,19530.44
2027-01-11,LOT-017,Finca 1,0.0,2.7,5.6,58.08,22417.34
2027-01-18,LOT-017,Finca 1,0.0,2.0,5.6,44.8,17291.26
2027-01-25,LOT-017,Finca 1,0.0,2.1,6.2,47.42,18305.28
2027-02-01,LOT-017,Finca 1,0.0,2.1,6.4,47.67,18398.69
2027-02-08,LOT-017,Finca 1,0.0,2.8,6.1,60.61,23395.07
2027-02-15,LOT-017,Finca 1,0.0,2.4,5.7,52.54,20282.37
2027-02-22,LOT-017,Finca 1,0.0,2.7,6.1,58.73,22671.71
2027-03-01,LOT-017,Finca 1,0.0,2.6,5.7,56.35,21750.71
2027-03-08,LOT-017,Finca 1,0.0,2.4,6.1,53.05,20478.46
2027-03-15,LOT-017,Finca 1,0.0,3.2,5.9,68.04,26261.51
2027-03-22,LOT-017,Finca 1,0.0,2.3,5.3,50.18,19370.25
2027-03-29,LOT-017,Finca 1,0.0,1.9,5.8,43.19,16672.88
2027-04-05,LOT-017,Finca 1,0.0,0.0,5.8,7.02,2708.95
2027-04-12,LOT-017,Finca 1,0.0,0.0,5.4,6.53,2522.12
2027-04-19,LOT-017,Finca 1,0.0,0.0,5.8,7.02,2708.95
2027-04-26,LOT-017,Finca 1,0.0,0.0,5.6,6.83,2637.15
2027-05-03,LOT-017,Finca 1,0.0,0.0,5.6,6.83,2637.15
2027-05-10,LOT-017,Finca 1,0.0,0.0,6.1,7.44,2872.61
2027-05-17,LOT-017,Finca 1,0.0,0.0,6.1,7.44,2872.61
2027-05-24,LOT-017,Finca 1,0.0,0.0,6.4,7.81,3013.89
2027-05-31,LOT-017,Finca 1,0.0,0.0,5.5,6.71,2590.06
2027-06-07,LOT-017,Finca 1,0.0,0.0,5.9,7.2,2778.43
2027-06-14,LOT-017,Finca 1,0.0,0.0,6.4,7.81,3013.89
2027-06-21,LOT-017,Finca 1,0.0,0.0,5.9,7.2,2778.43
2027-06-28,LOT-017,Finca 1,0.0,0.0,6.6,8.05,3108.07
2027-07-05,LOT-017,Finca 1,0.0,0.0,5.7,6.95,2684.24
2027-07-12,LOT-017,Finca 1,0.0,0.0,5.8,7.08,2731.34
2027-07-19,LOT-017,Finca 1,0.0,0.0,5.7,6.95,2684.24
2027-07-26,LOT-017,Finca 1,0.0,0.0,6.2,7.56,2919.7
2027-08-02,LOT-017,Finca 1,0.0,0.0,6.4,7.81,3013.89
2026-08-10,LOT-018,Finca 5,0.0,0.0,6.8,8.23,3496.08
2026-08-17,LOT-018,Finca 5,0.0,0.0,6.0,7.26,3084.77
2026-08-24,LOT-018,Finca 5,0.0,0.0,5.8,7.02,2981.95
2026-08-31,LOT-018,Finca 5,0.0,0.0,5.7,6.9,2930.54
2026-09-07,LOT-018,Finca 5,35.4,0.0,5.6,29.08,12355.24
2026-09-14,LOT-018,Finca 5,38.7,0.0,5.7,31.28,13290.02
2026-09-21,LOT-018,Finca 5,39.6,0.0,5.9,32.09,13633.77
2026-09-28,LOT-018,Finca 5,38.5,0.0,5.6,31.03,13185.07
2026-10-05,LOT-018,Finca 5,38.0,0.0,5.1,30.11,12794.16
2026-10-12,LOT-018,Finca 5,35.2,0.0,5.9,29.32,12455.94
2026-10-19,LOT-018,Finca 5,43.8,0.0,5.7,34.49,14655.23
2026-10-26,LOT-018,Finca 5,46.7,0.0,5.1,35.59,15123.04
2026-11-02,LOT-018,Finca 5,45.7,2.8,5.5,88.56,37629.99
2026-11-09,LOT-018,Finca 5,40.4,3.0,5.3,88.8,37733.24
2026-11-16,LOT-018,Finca 5,47.3,2.2,5.7,78.45,33334.25
2026-11-23,LOT-018,Finca 5,39.1,2.7,5.6,82.66,35120.11
2026-11-30,LOT-018,Finca 5,44.4,2.2,6.2,77.25,32824.37
2026-12-07,LOT-018,Finca 5,43.0,2.2,5.4,75.4,32038.31
2026-12-14,LOT-018,Finca 5,43.9,3.0,5.7,91.52,38888.55
2026-12-21,LOT-018,Finca 5,28.7,2.4,4.8,69.47,29515.68
2026-12-28,LOT-018,Finca 5,48.1,2.6,5.4,86.24,36642.1
2027-01-04,LOT-018,Finca 5,0.0,2.4,5.7,52.5,22305.98
2027-01-11,LOT-018,Finca 5,0.0,2.5,5.5,54.16,23010.46
2027-01-18,LOT-018,Finca 5,0.0,2.4,5.3,52.04,22110.52
2027-01-25,LOT-018,Finca 5,0.0,2.5,4.8,53.33,22661.19
2027-02-01,LOT-018,Finca 5,0.0,1.8,5.5,40.87,17366.94
2027-02-08,LOT-018,Finca 5,0.0,2.5,6.6,55.51,23586.62
2027-02-15,LOT-018,Finca 5,0.0,2.6,6.3,57.07,24251.17
2027-02-22,LOT-018,Finca 5,0.0,2.2,5.6,48.62,20658.64
2027-03-01,LOT-018,Finca 5,0.0,2.5,5.5,54.2,23031.7
2027-03-08,LOT-018,Finca 5,0.0,1.7,5.4,38.88,16522.24
2027-03-15,LOT-018,Finca 5,0.0,2.8,5.7,60.18,25570.91
2027-03-22,LOT-018,Finca 5,0.0,3.0,6.2,64.59,27445.14
2027-03-29,LOT-018,Finca 5,0.0,2.1,5.4,46.52,19765.5
2027-04-05,LOT-018,Finca 5,0.0,0.0,6.6,7.99,3393.25
2027-04-12,LOT-018,Finca 5,0.0,0.0,6.6,7.99,3393.25
2027-04-19,LOT-018,Finca 5,0.0,0.0,5.2,6.29,2673.47
2027-04-26,LOT-018,Finca 5,0.0,0.0,6.2,7.56,3213.94
2027-05-03,LOT-018,Finca 5,0.0,0.0,6.4,7.81,3317.62
2027-05-10,LOT-018,Finca 5,0.0,0.0,5.6,6.83,2902.92
2027-05-17,LOT-018,Finca 5,0.0,0.0,5.2,6.34,2695.57
2027-05-24,LOT-018,Finca 5,0.0,0.0,6.1,7.44,3162.11
2027-05-31,LOT-018,Finca 5,0.0,0.0,7.1,8.66,3680.48
2027-06-07,LOT-018,Finca 5,0.0,0.0,6.1,7.44,3162.11
2027-06-14,LOT-018,Finca 5,0.0,0.0,5.4,6.59,2799.24
2027-06-21,LOT-018,Finca 5,0.0,0.0,6.2,7.56,3213.94
2027-06-28,LOT-018,Finca 5,0.0,0.0,5.8,7.08,3006.59
2027-07-05,LOT-018,Finca 5,0.0,0.0,5.8,7.08,3006.59
2027-07-12,LOT-018,Finca 5,0.0,0.0,5.7,6.95,2954.75
2027-07-19,LOT-018,Finca 5,0.0,0.0,5.4,6.59,2799.24
2027-07-26,LOT-018,Finca 5,0.0,0.0,6.1,7.44,3162.11
2027-08-02,LOT-018,Finca 5,0.0,0.0,6.9,8.42,3576.81
2026-08-10,LOT-019,Finca 3,0.0,0.0,5.5,6.65,2926.2
2026-08-17,LOT-019,Finca 3,0.0,0.0,5.2,6.29,2766.59
2026-08-24,LOT-019,Finca 3,0.0,0.0,6.1,7.38,3245.43
2026-08-31,LOT-019,Finca 3,0.0,0.0,5.6,6.78,2979.41
2026-09-07,LOT-019,Finca 3,41.3,0.0,5.2,32.31,14207.15
2026-09-14,LOT-019,Finca 3,37.9,0.0,6.0,31.14,13690.94
2026-09-21,LOT-019,Finca 3,33.9,0.0,6.4,29.1,12795.71
2026-09-28,LOT-019,Finca 3,41.6,0.0,4.8,32.02,14077.44
2026-10-05,LOT-019,Finca 3,36.6,0.0,5.0,29.11,12798.79
2026-10-12,LOT-019,Finca 3,37.9,0.0,5.5,30.53,13424.92
2026-10-19,LOT-019,Finca 3,40.4,0.0,6.0,32.71,14383.47
2026-10-26,LOT-019,Finca 3,42.0,0.0,5.7,33.36,14667.07
2026-11-02,LOT-019,Finca 3,42.6,3.1,5.3,92.06,40477.9
2026-11-09,LOT-019,Finca 3,35.2,3.0,4.7,84.8,37287.88
2026-11-16,LOT-019,Finca 3,42.0,2.7,4.8,83.51,36721.11
2026-11-23,LOT-019,Finca 3,28.5,2.7,5.6,75.98,33407.09
2026-11-30,LOT-019,Finca 3,31.2,2.4,6.2,72.73,31981.14
2026-12-07,LOT-019,Finca 3,42.9,2.5,5.1,80.67,35471.92
2026-12-14,LOT-019,Finca 3,45.8,2.8,5.2,88.32,38833.42
2026-12-21,LOT-019,Finca 3,36.9,2.6,5.6,79.4,34910.86
2026-12-28,LOT-019,Finca 3,39.3,1.9,5.3,67.27,29579.5
2027-01-04,LOT-019,Finca 3,0.0,2.4,6.6,53.59,23561.76
2027-01-11,LOT-019,Finca 3,0.0,2.4,5.6,52.38,23029.73
2027-01-18,LOT-019,Finca 3,0.0,2.5,6.2,55.03,24195.37
2027-01-25,LOT-019,Finca 3,0.0,3.1,5.3,65.34,28731.76
2027-02-01,LOT-019,Finca 3,0.0,2.6,5.8,56.44,24818.43
2027-02-08,LOT-019,Finca 3,0.0,2.7,5.8,58.35,25654.3
2027-02-15,LOT-019,Finca 3,0.0,2.6,5.1,55.62,24457.43
2027-02-22,LOT-019,Finca 3,0.0,2.3,5.2,50.04,22001.71
2027-03-01,LOT-019,Finca 3,0.0,2.1,5.3,46.35,20382.29
2027-03-08,LOT-019,Finca 3,0.0,1.9,6.1,43.54,19143.66
2027-03-15,LOT-019,Finca 3,0.0,2.2,5.7,48.76,21441.09
2027-03-22,LOT-019,Finca 3,0.0,2.3,5.5,50.42,22171.43
2027-03-29,LOT-019,Finca 3,0.0,2.3,5.4,50.33,22128.34
2027-04-05,LOT-019,Finca 3,0.0,0.0,5.8,7.02,3085.81
2027-04-12,LOT-019,Finca 3,0.0,0.0,5.3,6.41,2819.8
2027-04-19,LOT-019,Finca 3,0.0,0.0,6.6,7.99,3511.44
2027-04-26,LOT-019,Finca 3,0.0,0.0,6.1,7.44,3272.25
2027-05-03,LOT-019,Finca 3,0.0,0.0,5.7,6.95,3057.67
2027-05-10,LOT-019,Finca 3,0.0,0.0,5.7,6.95,3057.67
2027-05-17,LOT-019,Finca 3,0.0,0.0,6.3,7.69,3379.53
2027-05-24,LOT-019,Finca 3,0.0,0.0,4.9,5.98,2628.53
2027-05-31,LOT-019,Finca 3,0.0,0.0,6.4,7.81,3433.18
2027-06-07,LOT-019,Finca 3,0.0,0.0,5.5,6.71,2950.39
2027-06-14,LOT-019,Finca 3,0.0,0.0,6.0,7.32,3218.6
2027-06-21,LOT-019,Finca 3,0.0,0.0,6.0,7.32,3218.6
2027-06-28,LOT-019,Finca 3,0.0,0.0,5.7,6.95,3057.67
2027-07-05,LOT-019,Finca 3,0.0,0.0,6.1,7.44,3272.25
2027-07-12,LOT-019,Finca 3,0.0,0.0,6.8,8.3,3647.75
2027-07-19,LOT-019,Finca 3,0.0,0.0,6.1,7.44,3272.25
2027-07-26,LOT-019,Finca 3,0.0,0.0,5.8,7.08,3111.32
2027-08-02,LOT-019,Finca 3,0.0,0.0,6.4,7.81,3433.18
2026-08-10,LOT-020,Finca 1,0.0,0.0,5.5,6.65,1131.35
2026-08-17,LOT-020,Finca 1,0.0,0.0,5.8,7.02,1193.06
2026-08-24,LOT-020,Finca 1,0.0,0.0,5.3,6.41,1090.21
2026-08-31,LOT-020,Finca 1,0.0,0.0,4.8,5.81,987.36
2026-09-07,LOT-020,Finca 1,34.0,0.0,5.6,28.2,4793.32
2026-09-14,LOT-020,Finca 1,35.6,0.0,4.7,28.12,4779.55
2026-09-21,LOT-020,Finca 1,44.9,0.0,5.2,34.58,5878.43
2026-09-28,LOT-020,Finca 1,46.3,0.0,5.4,35.7,6069.51
2026-10-05,LOT-020,Finca 1,40.9,0.0,4.9,31.7,5388.32
2026-10-12,LOT-020,Finca 1,38.7,0.0,5.7,31.28,5317.26
2026-10-19,LOT-020,Finca 1,40.5,0.0,5.0,31.57,5366.05
2026-10-26,LOT-020,Finca 1,48.6,0.0,4.9,36.55,6212.99
2026-11-02,LOT-020,Finca 1,43.7,2.7,5.9,85.89,14601.13
2026-11-09,LOT-020,Finca 1,38.2,2.7,5.5,81.97,13934.39
2026-11-16,LOT-020,Finca 1,34.4,2.3,5.9,72.46,12319.05
2026-11-23,LOT-020,Finca 1,35.9,2.5,5.4,76.6,13022.17
2026-11-30,LOT-020,Finca 1,36.7,2.0,5.1,67.27,11436.24
2026-12-07,LOT-020,Finca 1,39.6,2.1,5.7,71.72,12193.08
2026-12-14,LOT-020,Finca 1,47.1,2.8,5.6,89.62,15235.57
2026-12-21,LOT-020,Finca 1,39.0,3.0,6.2,89.04,15137.14
2026-12-28,LOT-020,Finca 1,46.0,2.2,6.5,78.64,13369.65
2027-01-04,LOT-020,Finca 1,0.0,2.3,5.4,50.23,8539.78
2027-01-11,LOT-020,Finca 1,0.0,1.8,5.1,40.37,6863.07
2027-01-18,LOT-020,Finca 1,0.0,2.4,5.8,52.64,8949.14
2027-01-25,LOT-020,Finca 1,0.0,2.7,5.5,57.98,9856.94
2027-02-01,LOT-020,Finca 1,0.0,2.1,5.9,47.06,8000.2
2027-02-08,LOT-020,Finca 1,0.0,3.0,5.5,63.69,10826.45
2027-02-15,LOT-020,Finca 1,0.0,2.5,5.7,54.45,9255.99
2027-02-22,LOT-020,Finca 1,0.0,2.4,5.4,52.18,8870.94
2027-03-01,LOT-020,Finca 1,0.0,2.7,5.8,58.37,9923.24
2027-03-08,LOT-020,Finca 1,0.0,2.8,5.5,59.94,10189.63
2027-03-15,LOT-020,Finca 1,0.0,2.5,5.6,54.35,9239.67
2027-03-22,LOT-020,Finca 1,0.0,2.0,5.6,44.84,7622.12
2027-03-29,LOT-020,Finca 1,0.0,1.8,5.3,40.68,6916.45
2027-04-05,LOT-020,Finca 1,0.0,0.0,7.0,8.47,1439.9
2027-04-12,LOT-020,Finca 1,0.0,0.0,7.6,9.2,1563.32
2027-04-19,LOT-020,Finca 1,0.0,0.0,5.4,6.53,1110.78
2027-04-26,LOT-020,Finca 1,0.0,0.0,5.7,6.95,1182.18
2027-05-03,LOT-020,Finca 1,0.0,0.0,6.2,7.56,1285.88
2027-05-10,LOT-020,Finca 1,0.0,0.0,6.4,7.81,1327.36
2027-05-17,LOT-020,Finca 1,0.0,0.0,6.2,7.56,1285.88
2027-05-24,LOT-020,Finca 1,0.0,0.0,6.0,7.32,1244.4
2027-05-31,LOT-020,Finca 1,0.0,0.0,6.1,7.44,1265.14
2027-06-07,LOT-020,Finca 1,0.0,0.0,6.3,7.69,1306.62
2027-06-14,LOT-020,Finca 1,0.0,0.0,5.5,6.71,1140.7
2027-06-21,LOT-020,Finca 1,0.0,0.0,6.0,7.32,1244.4
2027-06-28,LOT-020,Finca 1,0.0,0.0,5.9,7.2,1223.66
2027-07-05,LOT-020,Finca 1,0.0,0.0,6.2,7.56,1285.88
2027-07-12,LOT-020,Finca 1,0.0,0.0,5.6,6.83,1161.44
2027-07-19,LOT-020,Finca 1,0.0,0.0,6.7,8.17,1389.58
2027-07-26,LOT-020,Finca 1,0.0,0.0,6.3,7.69,1306.62
2027-08-02,LOT-020,Finca 1,0.0,0.0,6.4,7.81,1327.36
2026-08-10,LOT-021,Finca 3,0.0,0.0,6.0,7.26,1115.86
2026-08-17,LOT-021,Finca 3,0.0,0.0,6.4,7.74,1190.25
2026-08-24,LOT-021,Finca 3,0.0,0.0,5.2,6.29,967.08
2026-08-31,LOT-021,Finca 3,0.0,0.0,6.1,7.38,1134.46
2026-09-07,LOT-021,Finca 3,35.2,0.0,5.3,28.59,4394.13
2026-09-14,LOT-021,Finca 3,39.6,0.0,5.8,31.97,4913.17
2026-09-21,LOT-021,Finca 3,49.5,0.0,5.4,37.72,5797.41
2026-09-28,LOT-021,Finca 3,33.0,0.0,5.4,27.32,4199.7
2026-10-05,LOT-021,Finca 3,32.6,0.0,4.5,25.98,3993.59
2026-10-12,LOT-021,Finca 3,43.0,0.0,5.4,33.62,5168.01
2026-10-19,LOT-021,Finca 3,51.7,0.0,5.7,39.47,6066.23
2026-10-26,LOT-021,Finca 3,30.8,0.0,5.9,26.54,4079.66
2026-11-02,LOT-021,Finca 3,34.4,2.4,5.7,74.1,11388.71
2026-11-09,LOT-021,Finca 3,34.4,3.0,6.0,85.87,13198.53
2026-11-16,LOT-021,Finca 3,43.2,2.4,5.2,79.06,12151.52
2026-11-23,LOT-021,Finca 3,40.1,2.3,5.5,75.57,11615.42
2026-11-30,LOT-021,Finca 3,33.2,2.0,5.2,65.19,10019.4
2026-12-07,LOT-021,Finca 3,50.3,2.0,5.4,76.2,11712.4
2026-12-14,LOT-021,Finca 3,44.6,2.1,6.3,75.6,11619.72
2026-12-21,LOT-021,Finca 3,27.7,3.1,5.9,83.46,12827.65
2026-12-28,LOT-021,Finca 3,32.6,3.0,5.7,84.44,12977.66
2027-01-04,LOT-021,Finca 3,0.0,1.9,5.3,42.51,6534.25
2027-01-11,LOT-021,Finca 3,0.0,2.1,5.3,46.31,7118.31
2027-01-18,LOT-021,Finca 3,0.0,2.5,5.0,53.58,8234.48
2027-01-25,LOT-021,Finca 3,0.0,2.3,5.8,50.74,7798.89
2027-02-01,LOT-021,Finca 3,0.0,1.6,5.5,37.07,5697.81
2027-02-08,LOT-021,Finca 3,0.0,3.2,5.2,67.12,10316.96
2027-02-15,LOT-021,Finca 3,0.0,2.5,6.2,55.05,8461.49
2027-02-22,LOT-021,Finca 3,0.0,2.7,5.4,57.89,8897.39
2027-03-01,LOT-021,Finca 3,0.0,2.4,6.1,53.03,8150.56
2027-03-08,LOT-021,Finca 3,0.0,2.9,5.6,61.96,9523.71
2027-03-15,LOT-021,Finca 3,0.0,2.1,4.6,45.53,6997.81
2027-03-22,LOT-021,Finca 3,0.0,2.9,5.5,61.84,9505.12
2027-03-29,LOT-021,Finca 3,0.0,2.1,6.0,47.24,7261.4
2027-04-05,LOT-021,Finca 3,0.0,0.0,6.4,7.74,1190.25
2027-04-12,LOT-021,Finca 3,0.0,0.0,5.9,7.14,1097.26
2027-04-19,LOT-021,Finca 3,0.0,0.0,5.5,6.65,1022.87
2027-04-26,LOT-021,Finca 3,0.0,0.0,5.4,6.59,1012.58
2027-05-03,LOT-021,Finca 3,0.0,0.0,5.9,7.2,1106.33
2027-05-10,LOT-021,Finca 3,0.0,0.0,7.1,8.66,1331.35
2027-05-17,LOT-021,Finca 3,0.0,0.0,6.8,8.3,1275.1
2027-05-24,LOT-021,Finca 3,0.0,0.0,6.3,7.69,1181.34
2027-05-31,LOT-021,Finca 3,0.0,0.0,5.8,7.08,1087.58
2027-06-07,LOT-021,Finca 3,0.0,0.0,6.3,7.69,1181.34
2027-06-14,LOT-021,Finca 3,0.0,0.0,6.0,7.32,1125.08
2027-06-21,LOT-021,Finca 3,0.0,0.0,6.5,7.93,1218.84
2027-06-28,LOT-021,Finca 3,0.0,0.0,6.8,8.3,1275.1
2027-07-05,LOT-021,Finca 3,0.0,0.0,5.4,6.59,1012.58
2027-07-12,LOT-021,Finca 3,0.0,0.0,5.7,6.95,1068.83
2027-07-19,LOT-021,Finca 3,0.0,0.0,6.5,7.93,1218.84
2027-07-26,LOT-021,Finca 3,0.0,0.0,5.8,7.08,1087.58
2027-08-02,LOT-021,Finca 3,0.0,0.0,6.4,7.81,1200.09
2026-08-10,LOT-022,Finca 1,0.0,0.0,6.3,7.62,838.53
2026-08-17,LOT-022,Finca 1,0.0,0.0,6.2,7.5,825.22
2026-08-24,LOT-022,Finca 1,0.0,0.0,6.1,7.38,811.91
2026-08-31,LOT-022,Finca 1,0.0,0.0,6.8,8.23,905.08
2026-09-07,LOT-022,Finca 1,41.1,0.0,6.1,33.27,3660.14
2026-09-14,LOT-022,Finca 1,34.2,0.0,4.7,27.23,2995.63
2026-09-21,LOT-022,Finca 1,34.8,0.0,6.3,29.55,3250.17
2026-09-28,LOT-022,Finca 1,45.9,0.0,5.0,34.97,3846.37
2026-10-05,LOT-022,Finca 1,37.1,0.0,5.2,29.66,3263.15
2026-10-12,LOT-022,Finca 1,41.2,0.0,5.6,32.73,3600.52
2026-10-19,LOT-022,Finca 1,38.9,0.0,6.0,31.77,3494.37
2026-10-26,LOT-022,Finca 1,36.0,0.0,4.3,27.88,3067.13
2026-11-02,LOT-022,Finca 1,43.4,2.9,4.9,88.28,9711.24
2026-11-09,LOT-022,Finca 1,37.5,2.5,4.0,75.92,8350.65
2026-11-16,LOT-022,Finca 1,35.7,2.1,5.0,68.4,7523.89
2026-11-23,LOT-022,Finca 1,38.6,2.9,5.4,85.89,9448.34
2026-11-30,LOT-022,Finca 1,46.5,1.8,5.1,69.65,7661.28
2026-12-07,LOT-022,Finca 1,41.0,2.7,5.9,84.24,9266.62
2026-12-14,LOT-022,Finca 1,33.1,2.7,6.2,79.63,8759.08
2026-12-21,LOT-022,Finca 1,45.8,2.1,6.3,76.36,8399.16
2026-12-28,LOT-022,Finca 1,42.6,3.3,5.6,96.31,10594.54
2027-01-04,LOT-022,Finca 1,0.0,1.9,5.8,43.12,4742.98
2027-01-11,LOT-022,Finca 1,0.0,2.8,6.1,60.58,6663.91
2027-01-18,LOT-022,Finca 1,0.0,2.3,5.8,50.74,5581.51
2027-01-25,LOT-022,Finca 1,0.0,2.4,5.7,52.52,5777.31
2027-02-01,LOT-022,Finca 1,0.0,1.9,5.4,42.65,4691.83
2027-02-08,LOT-022,Finca 1,0.0,2.4,4.5,51.07,5617.59
2027-02-15,LOT-022,Finca 1,0.0,2.5,4.8,53.36,5869.38
2027-02-22,LOT-022,Finca 1,0.0,2.3,5.2,50.04,5504.18
2027-03-01,LOT-022,Finca 1,0.0,2.2,6.0,49.1,5401.44
2027-03-08,LOT-022,Finca 1,0.0,3.2,5.3,67.31,7403.99
2027-03-15,LOT-022,Finca 1,0.0,3.4,4.4,70.03,7702.86
2027-03-22,LOT-022,Finca 1,0.0,2.2,5.4,48.4,5324.0
2027-03-29,LOT-022,Finca 1,0.0,1.9,6.2,43.68,4804.58
2027-04-05,LOT-022,Finca 1,0.0,0.0,6.2,7.5,825.22
2027-04-12,LOT-022,Finca 1,0.0,0.0,6.0,7.26,798.6
2027-04-19,LOT-022,Finca 1,0.0,0.0,6.0,7.26,798.6
2027-04-26,LOT-022,Finca 1,0.0,0.0,6.7,8.17,899.14
2027-05-03,LOT-022,Finca 1,0.0,0.0,6.1,7.44,818.62
2027-05-10,LOT-022,Finca 1,0.0,0.0,6.4,7.81,858.88
2027-05-17,LOT-022,Finca 1,0.0,0.0,6.2,7.56,832.04
2027-05-24,LOT-022,Finca 1,0.0,0.0,6.0,7.32,805.2
2027-05-31,LOT-022,Finca 1,0.0,0.0,5.8,7.08,778.36
2027-06-07,LOT-022,Finca 1,0.0,0.0,5.6,6.83,751.52
2027-06-14,LOT-022,Finca 1,0.0,0.0,5.6,6.83,751.52
2027-06-21,LOT-022,Finca 1,0.0,0.0,6.0,7.32,805.2
2027-06-28,LOT-022,Finca 1,0.0,0.0,6.0,7.32,805.2
2027-07-05,LOT-022,Finca 1,0.0,0.0,5.5,6.71,738.1
2027-07-12,LOT-022,Finca 1,0.0,0.0,6.1,7.44,818.62
2027-07-19,LOT-022,Finca 1,0.0,0.0,6.8,8.3,912.56
2027-07-26,LOT-022,Finca 1,0.0,0.0,6.1,7.44,818.62
2027-08-02,LOT-022,Finca 1,0.0,0.0,5.1,6.22,684.42
2026-08-10,LOT-023,Finca 1,0.0,0.0,6.1,7.38,2420.23
2026-08-17,LOT-023,Finca 1,0.0,0.0,6.1,7.38,2420.23
2026-08-24,LOT-023,Finca 1,0.0,0.0,5.4,6.53,2142.5
2026-08-31,LOT-023,Finca 1,0.0,0.0,6.4,7.74,2539.26
2026-09-07,LOT-023,Finca 1,33.6,0.0,5.3,27.58,9043.81
2026-09-14,LOT-023,Finca 1,42.5,0.0,6.0,34.03,11160.08
2026-09-21,LOT-023,Finca 1,39.3,0.0,4.5,30.2,9903.89
2026-09-28,LOT-023,Finca 1,43.8,0.0,4.7,33.28,10912.84
2026-10-05,LOT-023,Finca 1,33.6,0.0,3.7,25.65,8409.0
2026-10-12,LOT-023,Finca 1,37.6,0.0,7.0,32.16,10544.61
2026-10-19,LOT-023,Finca 1,41.3,0.0,5.3,32.43,10634.45
2026-10-26,LOT-023,Finca 1,38.4,0.0,5.4,30.73,10075.06
2026-11-02,LOT-023,Finca 1,35.6,2.7,4.8,79.46,26053.29
2026-11-09,LOT-023,Finca 1,40.4,2.4,5.2,77.3,25345.36
2026-11-16,LOT-023,Finca 1,34.9,2.0,5.5,66.6,21838.8
2026-11-23,LOT-023,Finca 1,41.5,2.5,5.8,80.61,26433.0
2026-11-30,LOT-023,Finca 1,41.6,2.4,5.1,77.95,25561.44
2026-12-07,LOT-023,Finca 1,38.2,2.7,5.8,82.36,27004.86
2026-12-14,LOT-023,Finca 1,38.0,2.8,5.2,83.4,27348.17
2026-12-21,LOT-023,Finca 1,41.0,2.9,5.6,87.68,28749.29
2026-12-28,LOT-023,Finca 1,43.8,3.2,5.8,95.41,31285.59
2027-01-04,LOT-023,Finca 1,0.0,2.4,5.4,52.13,17094.74
2027-01-11,LOT-023,Finca 1,0.0,2.8,6.1,60.58,19864.51
2027-01-18,LOT-023,Finca 1,0.0,2.8,5.7,60.12,19714.99
2027-01-25,LOT-023,Finca 1,0.0,2.7,4.3,56.53,18536.19
2027-02-01,LOT-023,Finca 1,0.0,2.7,5.8,58.35,19131.33
2027-02-08,LOT-023,Finca 1,0.0,2.7,6.1,58.71,19250.35
2027-02-15,LOT-023,Finca 1,0.0,2.4,5.8,52.67,17269.18
2027-02-22,LOT-023,Finca 1,0.0,2.2,5.2,48.14,15783.79
2027-03-01,LOT-023,Finca 1,0.0,2.3,5.1,49.92,16367.78
2027-03-08,LOT-023,Finca 1,0.0,2.2,6.3,49.49,16227.44
2027-03-15,LOT-023,Finca 1,0.0,2.7,5.2,57.67,18910.98
2027-03-22,LOT-023,Finca 1,0.0,2.7,5.0,57.43,18831.62
2027-03-29,LOT-023,Finca 1,0.0,2.7,5.2,57.7,18919.83
2027-04-05,LOT-023,Finca 1,0.0,0.0,5.5,6.65,2182.17
2027-04-12,LOT-023,Finca 1,0.0,0.0,5.8,7.02,2301.2
2027-04-19,LOT-023,Finca 1,0.0,0.0,6.8,8.23,2697.96
2027-04-26,LOT-023,Finca 1,0.0,0.0,5.0,6.1,2000.19
2027-05-03,LOT-023,Finca 1,0.0,0.0,6.2,7.56,2480.24
2027-05-10,LOT-023,Finca 1,0.0,0.0,6.2,7.56,2480.24
2027-05-17,LOT-023,Finca 1,0.0,0.0,5.6,6.83,2240.21
2027-05-24,LOT-023,Finca 1,0.0,0.0,6.4,7.81,2560.24
2027-05-31,LOT-023,Finca 1,0.0,0.0,5.6,6.83,2240.21
2027-06-07,LOT-023,Finca 1,0.0,0.0,5.3,6.47,2120.2
2027-06-14,LOT-023,Finca 1,0.0,0.0,5.6,6.83,2240.21
2027-06-21,LOT-023,Finca 1,0.0,0.0,5.7,6.95,2280.22
2027-06-28,LOT-023,Finca 1,0.0,0.0,5.9,7.2,2360.22
2027-07-05,LOT-023,Finca 1,0.0,0.0,5.4,6.59,2160.21
2027-07-12,LOT-023,Finca 1,0.0,0.0,6.1,7.44,2440.23
2027-07-19,LOT-023,Finca 1,0.0,0.0,6.2,7.56,2480.24
2027-07-26,LOT-023,Finca 1,0.0,0.0,5.1,6.22,2040.19
2027-08-02,LOT-023,Finca 1,0.0,0.0,4.8,5.86,1920.18
2026-08-10,LOT-024,Finca 1,0.0,0.0,6.6,7.99,286.7
2026-08-17,LOT-024,Finca 1,0.0,0.0,6.2,7.5,269.32
2026-08-24,LOT-024,Finca 1,0.0,0.0,5.3,6.41,230.23
2026-08-31,LOT-024,Finca 1,0.0,0.0,6.4,7.74,278.01
2026-09-07,LOT-024,Finca 1,31.5,0.0,5.7,26.74,960.04
2026-09-14,LOT-024,Finca 1,36.9,0.0,4.3,28.45,1021.35
2026-09-21,LOT-024,Finca 1,33.1,0.0,5.2,27.15,974.51
2026-09-28,LOT-024,Finca 1,45.8,0.0,6.2,36.36,1305.18
2026-10-05,LOT-024,Finca 1,40.0,0.0,6.2,32.7,1174.0
2026-10-12,LOT-024,Finca 1,42.7,0.0,5.5,33.56,1204.66
2026-10-19,LOT-024,Finca 1,33.2,0.0,4.4,26.24,942.02
2026-10-26,LOT-024,Finca 1,41.5,0.0,5.4,32.68,1173.18
2026-11-02,LOT-024,Finca 1,42.0,2.2,5.1,74.37,2669.7
2026-11-09,LOT-024,Finca 1,41.5,2.3,5.3,76.21,2736.01
2026-11-16,LOT-024,Finca 1,32.0,2.5,5.5,74.27,2666.11
2026-11-23,LOT-024,Finca 1,45.5,2.4,5.6,80.99,2907.65
2026-11-30,LOT-024,Finca 1,30.2,2.5,5.5,73.16,2626.3
2026-12-07,LOT-024,Finca 1,40.8,2.4,5.3,77.69,2789.18
2026-12-14,LOT-024,Finca 1,33.1,2.4,5.1,72.6,2606.34
2026-12-21,LOT-024,Finca 1,41.6,2.8,4.8,85.19,3058.25
2026-12-28,LOT-024,Finca 1,38.2,2.6,5.3,79.88,2867.66
2027-01-04,LOT-024,Finca 1,0.0,3.2,5.3,67.21,2412.95
2027-01-11,LOT-024,Finca 1,0.0,3.4,5.3,71.01,2549.37
2027-01-18,LOT-024,Finca 1,0.0,2.1,5.3,46.33,1663.39
2027-01-25,LOT-024,Finca 1,0.0,1.9,6.4,43.86,1574.68
2027-02-01,LOT-024,Finca 1,0.0,2.6,4.9,55.36,1987.24
2027-02-08,LOT-024,Finca 1,0.0,2.1,5.7,46.82,1680.77
2027-02-15,LOT-024,Finca 1,0.0,2.3,5.4,50.28,1805.05
2027-02-22,LOT-024,Finca 1,0.0,2.1,5.6,46.72,1677.18
2027-03-01,LOT-024,Finca 1,0.0,2.5,5.7,54.45,1954.65
2027-03-08,LOT-024,Finca 1,0.0,2.7,5.7,58.28,2092.18
2027-03-15,LOT-024,Finca 1,0.0,2.2,5.2,48.16,1728.87
2027-03-22,LOT-024,Finca 1,0.0,2.2,5.5,48.52,1741.9
2027-03-29,LOT-024,Finca 1,0.0,2.6,5.4,56.04,2011.76
2027-04-05,LOT-024,Finca 1,0.0,0.0,6.3,7.62,273.67
2027-04-12,LOT-024,Finca 1,0.0,0.0,6.0,7.26,260.63
2027-04-19,LOT-024,Finca 1,0.0,0.0,6.7,8.11,291.04
2027-04-26,LOT-024,Finca 1,0.0,0.0,6.5,7.93,284.69
2027-05-03,LOT-024,Finca 1,0.0,0.0,6.4,7.81,280.31
2027-05-10,LOT-024,Finca 1,0.0,0.0,6.1,7.44,267.17
2027-05-17,LOT-024,Finca 1,0.0,0.0,6.0,7.32,262.79
2027-05-24,LOT-024,Finca 1,0.0,0.0,5.9,7.2,258.41
2027-05-31,LOT-024,Finca 1,0.0,0.0,5.9,7.2,258.41
2027-06-07,LOT-024,Finca 1,0.0,0.0,5.3,6.47,232.13
2027-06-14,LOT-024,Finca 1,0.0,0.0,6.2,7.56,271.55
2027-06-21,LOT-024,Finca 1,0.0,0.0,6.1,7.44,267.17
2027-06-28,LOT-024,Finca 1,0.0,0.0,6.3,7.69,275.93
2027-07-05,LOT-024,Finca 1,0.0,0.0,5.4,6.59,236.51
2027-07-12,LOT-024,Finca 1,0.0,0.0,6.0,7.32,262.79
2027-07-19,LOT-024,Finca 1,0.0,0.0,5.7,6.95,249.65
2027-07-26,LOT-024,Finca 1,0.0,0.0,6.7,8.17,293.45
2027-08-02,LOT-024,Finca 1,0.0,0.0,5.8,7.08,254.03
2026-08-10,LOT-025,Finca 1,0.0,0.0,5.9,7.14,1280.02
2026-08-17,LOT-025,Finca 1,0.0,0.0,6.9,8.35,1496.98
2026-08-24,LOT-025,Finca 1,0.0,0.0,6.0,7.26,1301.72
2026-08-31,LOT-025,Finca 1,0.0,0.0,5.8,7.02,1258.33
2026-09-07,LOT-025,Finca 1,45.0,0.0,4.8,34.16,6124.53
2026-09-14,LOT-025,Finca 1,40.1,0.0,4.4,30.59,5484.25
2026-09-21,LOT-025,Finca 1,42.9,0.0,5.6,33.8,6060.88
2026-09-28,LOT-025,Finca 1,41.2,0.0,5.3,32.37,5803.76
2026-10-05,LOT-025,Finca 1,42.1,0.0,5.2,32.81,5883.73
2026-10-12,LOT-025,Finca 1,40.8,0.0,5.9,32.84,5888.75
2026-10-19,LOT-025,Finca 1,25.9,0.0,5.8,23.34,4183.97
2026-10-26,LOT-025,Finca 1,36.7,0.0,5.2,29.41,5273.75
2026-11-02,LOT-025,Finca 1,42.2,2.3,6.2,77.72,13935.02
2026-11-09,LOT-025,Finca 1,34.2,2.3,6.0,72.46,12992.08
2026-11-16,LOT-025,Finca 1,43.5,1.7,5.6,66.45,11913.95
2026-11-23,LOT-025,Finca 1,39.3,2.6,6.1,81.49,14610.8
2026-11-30,LOT-025,Finca 1,50.3,2.6,6.2,88.56,15879.7
2026-12-07,LOT-025,Finca 1,24.8,2.1,5.5,62.16,11144.93
2026-12-14,LOT-025,Finca 1,36.9,2.8,5.7,83.32,14938.56
2026-12-21,LOT-025,Finca 1,44.8,2.9,5.4,89.83,16106.34
2026-12-28,LOT-025,Finca 1,42.5,2.2,5.1,74.75,13401.96
2027-01-04,LOT-025,Finca 1,0.0,3.4,5.4,71.13,12754.33
2027-01-11,LOT-025,Finca 1,0.0,3.1,6.4,66.64,11949.27
2027-01-18,LOT-025,Finca 1,0.0,2.3,5.5,50.38,9032.78
2027-01-25,LOT-025,Finca 1,0.0,2.5,5.7,54.42,9757.86
2027-02-01,LOT-025,Finca 1,0.0,2.2,5.5,48.48,8691.93
2027-02-08,LOT-025,Finca 1,0.0,2.5,5.6,54.3,9736.17
2027-02-15,LOT-025,Finca 1,0.0,2.2,5.1,48.02,8609.09
2027-02-22,LOT-025,Finca 1,0.0,2.3,5.9,50.88,9123.68
2027-03-01,LOT-025,Finca 1,0.0,3.3,6.3,70.39,12620.75
2027-03-08,LOT-025,Finca 1,0.0,2.9,5.9,62.33,11175.05
2027-03-15,LOT-025,Finca 1,0.0,2.8,6.0,60.54,10855.54
2027-03-22,LOT-025,Finca 1,0.0,2.3,5.4,50.3,9019.33
2027-03-29,LOT-025,Finca 1,0.0,2.1,6.0,47.24,8470.85
2027-04-05,LOT-025,Finca 1,0.0,0.0,5.2,6.29,1128.16
2027-04-12,LOT-025,Finca 1,0.0,0.0,6.4,7.74,1388.5
2027-04-19,LOT-025,Finca 1,0.0,0.0,5.1,6.17,1106.46
2027-04-26,LOT-025,Finca 1,0.0,0.0,6.3,7.69,1378.1
2027-05-03,LOT-025,Finca 1,0.0,0.0,6.0,7.32,1312.48
2027-05-10,LOT-025,Finca 1,0.0,0.0,5.4,6.59,1181.23
2027-05-17,LOT-025,Finca 1,0.0,0.0,6.6,8.05,1443.72
2027-05-24,LOT-025,Finca 1,0.0,0.0,6.5,7.93,1421.85
2027-05-31,LOT-025,Finca 1,0.0,0.0,5.5,6.71,1203.1
2027-06-07,LOT-025,Finca 1,0.0,0.0,6.4,7.81,1399.97
2027-06-14,LOT-025,Finca 1,0.0,0.0,6.7,8.17,1465.6
2027-06-21,LOT-025,Finca 1,0.0,0.0,6.0,7.32,1312.48
2027-06-28,LOT-025,Finca 1,0.0,0.0,6.2,7.56,1356.23
2027-07-05,LOT-025,Finca 1,0.0,0.0,5.5,6.71,1203.1
2027-07-12,LOT-025,Finca 1,0.0,0.0,5.5,6.71,1203.1
2027-07-19,LOT-025,Finca 1,0.0,0.0,5.7,6.95,1246.85
2027-07-26,LOT-025,Finca 1,0.0,0.0,6.3,7.69,1378.1
2027-08-02,LOT-025,Finca 1,0.0,0.0,6.8,8.3,1487.47
2026-08-10,LOT-026,Finca 4,0.0,0.0,6.0,7.26,2587.46
2026-08-17,LOT-026,Finca 4,0.0,0.0,6.8,8.23,2932.46
2026-08-24,LOT-026,Finca 4,0.0,0.0,6.6,7.99,2846.21
2026-08-31,LOT-026,Finca 4,0.0,0.0,6.9,8.35,2975.58
2026-09-07,LOT-026,Finca 4,31.8,0.0,6.2,27.54,9813.83
2026-09-14,LOT-026,Finca 4,37.1,0.0,5.7,30.27,10788.23
2026-09-21,LOT-026,Finca 4,42.4,0.0,5.6,33.49,11935.12
2026-09-28,LOT-026,Finca 4,32.4,0.0,6.2,27.91,9948.55
2026-10-05,LOT-026,Finca 4,47.4,0.0,5.8,36.88,13144.03
2026-10-12,LOT-026,Finca 4,44.3,0.0,5.0,33.96,12102.99
2026-10-19,LOT-026,Finca 4,27.4,0.0,5.4,23.8,8480.89
2026-10-26,LOT-026,Finca 4,43.6,0.0,5.6,34.24,12204.56
2026-11-02,LOT-026,Finca 4,41.4,2.6,5.4,81.94,29202.7
2026-11-09,LOT-026,Finca 4,27.2,3.3,5.2,86.06,30672.5
2026-11-16,LOT-026,Finca 4,31.9,2.5,6.1,74.93,26704.34
2026-11-23,LOT-026,Finca 4,44.1,2.0,5.3,72.16,25716.4
2026-11-30,LOT-026,Finca 4,49.9,2.5,5.2,85.2,30366.71
2026-12-07,LOT-026,Finca 4,45.1,2.5,5.7,82.78,29504.57
2026-12-14,LOT-026,Finca 4,39.4,3.2,5.2,91.88,32746.74
2026-12-21,LOT-026,Finca 4,39.7,2.5,5.3,78.9,28119.6
2026-12-28,LOT-026,Finca 4,40.1,2.3,5.2,75.25,26820.88
2027-01-04,LOT-026,Finca 4,0.0,2.2,4.4,47.12,16794.99
2027-01-11,LOT-026,Finca 4,0.0,3.2,5.2,67.09,23911.59
2027-01-18,LOT-026,Finca 4,0.0,2.8,5.4,59.76,21299.18
2027-01-25,LOT-026,Finca 4,0.0,2.2,6.2,49.32,17579.07
2027-02-01,LOT-026,Finca 4,0.0,2.5,5.6,54.3,19352.88
2027-02-08,LOT-026,Finca 4,0.0,2.7,5.8,58.35,20794.16
2027-02-15,LOT-026,Finca 4,0.0,2.2,5.1,48.02,17112.55
2027-02-22,LOT-026,Finca 4,0.0,2.6,5.9,56.59,20169.03
2027-03-01,LOT-026,Finca 4,0.0,2.5,6.1,54.93,19577.41
2027-03-08,LOT-026,Finca 4,0.0,2.4,6.2,53.17,18951.21
2027-03-15,LOT-026,Finca 4,0.0,2.9,5.5,61.84,22040.49
2027-03-22,LOT-026,Finca 4,0.0,2.7,6.1,58.76,20942.78
2027-03-29,LOT-026,Finca 4,0.0,3.0,5.4,63.65,22686.29
2027-04-05,LOT-026,Finca 4,0.0,0.0,5.8,7.02,2501.22
2027-04-12,LOT-026,Finca 4,0.0,0.0,5.4,6.53,2328.72
2027-04-19,LOT-026,Finca 4,0.0,0.0,5.4,6.53,2328.72
2027-04-26,LOT-026,Finca 4,0.0,0.0,6.8,8.3,2956.69
2027-05-03,LOT-026,Finca 4,0.0,0.0,5.4,6.59,2347.96
2027-05-10,LOT-026,Finca 4,0.0,0.0,7.1,8.66,3087.14
2027-05-17,LOT-026,Finca 4,0.0,0.0,6.1,7.44,2652.33
2027-05-24,LOT-026,Finca 4,0.0,0.0,4.9,5.98,2130.56
2027-05-31,LOT-026,Finca 4,0.0,0.0,6.2,7.56,2695.81
2027-06-07,LOT-026,Finca 4,0.0,0.0,6.8,8.3,2956.69
2027-06-14,LOT-026,Finca 4,0.0,0.0,5.6,6.83,2434.92
2027-06-21,LOT-026,Finca 4,0.0,0.0,6.3,7.69,2739.29
2027-06-28,LOT-026,Finca 4,0.0,0.0,6.6,8.05,2869.73
2027-07-05,LOT-026,Finca 4,0.0,0.0,6.1,7.44,2652.33
2027-07-12,LOT-026,Finca 4,0.0,0.0,6.4,7.81,2782.77
2027-07-19,LOT-026,Finca 4,0.0,0.0,6.1,7.44,2652.33
2027-07-26,LOT-026,Finca 4,0.0,0.0,5.6,6.83,2434.92
2027-08-02,LOT-026,Finca 4,0.0,0.0,6.1,7.44,2652.33
2026-08-10,LOT-027,Finca 3,0.0,0.0,7.3,8.83,953.96
2026-08-17,LOT-027,Finca 3,0.0,0.0,6.0,7.26,784.08
2026-08-24,LOT-027,Finca 3,0.0,0.0,5.8,7.02,757.94
2026-08-31,LOT-027,Finca 3,0.0,0.0,5.3,6.41,692.6
2026-09-07,LOT-027,Finca 3,38.0,0.0,6.4,31.68,3421.87
2026-09-14,LOT-027,Finca 3,43.4,0.0,5.4,33.88,3658.61
2026-09-21,LOT-027,Finca 3,39.9,0.0,5.3,31.55,3407.4
2026-09-28,LOT-027,Finca 3,50.5,0.0,5.5,38.47,4154.76
2026-10-05,LOT-027,Finca 3,33.4,0.0,4.7,26.73,2886.73
2026-10-12,LOT-027,Finca 3,43.8,0.0,5.6,34.37,3711.96
2026-10-19,LOT-027,Finca 3,33.7,0.0,4.6,26.8,2894.08
2026-10-26,LOT-027,Finca 3,38.9,0.0,5.5,31.16,3365.5
2026-11-02,LOT-027,Finca 3,46.9,2.5,5.1,83.14,8979.44
2026-11-09,LOT-027,Finca 3,40.4,2.3,5.6,75.88,8195.26
2026-11-16,LOT-027,Finca 3,37.5,2.7,5.9,82.01,8857.08
2026-11-23,LOT-027,Finca 3,41.1,2.8,5.3,85.45,9228.6
2026-11-30,LOT-027,Finca 3,40.0,2.7,5.6,83.25,8990.89
2026-12-07,LOT-027,Finca 3,39.5,1.9,5.2,67.26,7263.86
2026-12-14,LOT-027,Finca 3,45.0,2.3,6.1,79.41,8576.06
2026-12-21,LOT-027,Finca 3,35.1,1.9,5.6,64.97,7016.76
2026-12-28,LOT-027,Finca 3,43.0,2.8,5.1,86.46,9337.79
2027-01-04,LOT-027,Finca 3,0.0,2.0,6.7,46.11,4979.56
2027-01-11,LOT-027,Finca 3,0.0,2.4,5.5,52.26,5643.54
2027-01-18,LOT-027,Finca 3,0.0,2.7,6.2,58.83,6353.53
2027-01-25,LOT-027,Finca 3,0.0,2.5,4.9,53.45,5773.03
2027-02-01,LOT-027,Finca 3,0.0,2.3,6.4,51.47,5558.44
2027-02-08,LOT-027,Finca 3,0.0,2.7,5.0,57.38,6196.72
2027-02-15,LOT-027,Finca 3,0.0,2.3,5.4,50.28,5430.24
2027-02-22,LOT-027,Finca 3,0.0,1.8,5.2,40.53,4377.02
2027-03-01,LOT-027,Finca 3,0.0,2.3,5.1,49.92,5391.04
2027-03-08,LOT-027,Finca 3,0.0,2.3,6.2,51.27,5537.27
2027-03-15,LOT-027,Finca 3,0.0,3.0,5.8,64.11,6923.66
2027-03-22,LOT-027,Finca 3,0.0,2.2,5.0,47.92,5174.93
2027-03-29,LOT-027,Finca 3,0.0,3.0,5.9,64.26,6939.97
2027-04-05,LOT-027,Finca 3,0.0,0.0,5.9,7.14,771.01
2027-04-12,LOT-027,Finca 3,0.0,0.0,5.7,6.9,744.88
2027-04-19,LOT-027,Finca 3,0.0,0.0,5.7,6.9,744.88
2027-04-26,LOT-027,Finca 3,0.0,0.0,7.0,8.54,922.32
2027-05-03,LOT-027,Finca 3,0.0,0.0,5.5,6.71,724.68
2027-05-10,LOT-027,Finca 3,0.0,0.0,5.8,7.08,764.21
2027-05-17,LOT-027,Finca 3,0.0,0.0,6.1,7.44,803.74
2027-05-24,LOT-027,Finca 3,0.0,0.0,7.2,8.78,948.67
2027-05-31,LOT-027,Finca 3,0.0,0.0,6.2,7.56,816.91
2027-06-07,LOT-027,Finca 3,0.0,0.0,5.5,6.71,724.68
2027-06-14,LOT-027,Finca 3,0.0,0.0,5.6,6.83,737.86
2027-06-21,LOT-027,Finca 3,0.0,0.0,5.5,6.71,724.68
2027-06-28,LOT-027,Finca 3,0.0,0.0,6.1,7.44,803.74
2027-07-05,LOT-027,Finca 3,0.0,0.0,6.4,7.81,843.26
2027-07-12,LOT-027,Finca 3,0.0,0.0,6.2,7.56,816.91
2027-07-19,LOT-027,Finca 3,0.0,0.0,6.5,7.93,856.44
2027-07-26,LOT-027,Finca 3,0.0,0.0,6.1,7.44,803.74
2027-08-02,LOT-027,Finca 3,0.0,0.0,6.2,7.56,816.91
2026-08-10,LOT-028,Finca 3,0.0,0.0,5.4,6.53,1146.06
2026-08-17,LOT-028,Finca 3,0.0,0.0,6.2,7.5,1315.85
2026-08-24,LOT-028,Finca 3,0.0,0.0,6.8,8.23,1443.19
2026-08-31,LOT-028,Finca 3,0.0,0.0,6.6,7.99,1400.74
2026-09-07,LOT-028,Finca 3,45.8,0.0,5.1,35.02,6143.39
2026-09-14,LOT-028,Finca 3,39.5,0.0,5.9,32.02,5617.01
2026-09-21,LOT-028,Finca 3,34.6,0.0,4.9,27.73,4863.32
2026-09-28,LOT-028,Finca 3,29.2,0.0,5.8,25.41,4457.62
2026-10-05,LOT-028,Finca 3,40.1,0.0,4.7,30.95,5428.63
2026-10-12,LOT-028,Finca 3,39.1,0.0,5.6,31.41,5509.14
2026-10-19,LOT-028,Finca 3,40.7,0.0,5.1,31.81,5579.82
2026-10-26,LOT-028,Finca 3,37.9,0.0,5.7,30.77,5397.76
2026-11-02,LOT-028,Finca 3,38.7,2.6,5.5,80.36,14094.79
2026-11-09,LOT-028,Finca 3,44.1,2.8,5.5,87.58,15361.88
2026-11-16,LOT-028,Finca 3,46.8,2.1,5.4,75.88,13308.65
2026-11-23,LOT-028,Finca 3,38.9,2.9,5.7,86.45,15162.63
2026-11-30,LOT-028,Finca 3,38.3,2.3,5.5,74.46,13060.46
2026-12-07,LOT-028,Finca 3,40.1,1.8,5.1,65.62,11509.05
2026-12-14,LOT-028,Finca 3,45.4,3.0,6.1,92.95,16303.96
2026-12-21,LOT-028,Finca 3,31.5,2.8,5.6,79.79,13995.69
2026-12-28,LOT-028,Finca 3,38.2,2.7,5.5,82.02,14386.48
2027-01-04,LOT-028,Finca 3,0.0,2.4,4.3,50.8,8910.85
2027-01-11,LOT-028,Finca 3,0.0,2.9,6.2,62.6,10980.39
2027-01-18,LOT-028,Finca 3,0.0,1.9,5.1,42.29,7417.67
2027-01-25,LOT-028,Finca 3,0.0,2.2,5.1,47.99,8417.97
2027-02-01,LOT-028,Finca 3,0.0,1.7,5.1,38.49,6750.8
2027-02-08,LOT-028,Finca 3,0.0,1.9,5.0,42.17,7396.44
2027-02-15,LOT-028,Finca 3,0.0,2.5,6.0,54.81,9613.67
2027-02-22,LOT-028,Finca 3,0.0,2.0,5.9,45.18,7924.4
2027-03-01,LOT-028,Finca 3,0.0,2.5,5.4,54.08,9486.33
2027-03-08,LOT-028,Finca 3,0.0,1.7,5.5,39.01,6841.65
2027-03-15,LOT-028,Finca 3,0.0,2.3,5.3,50.18,8801.92
2027-03-22,LOT-028,Finca 3,0.0,2.6,4.3,54.68,9591.05
2027-03-29,LOT-028,Finca 3,0.0,2.5,5.3,54.01,9473.88
2027-04-05,LOT-028,Finca 3,0.0,0.0,6.3,7.62,1337.07
2027-04-12,LOT-028,Finca 3,0.0,0.0,6.3,7.62,1337.07
2027-04-19,LOT-028,Finca 3,0.0,0.0,5.7,6.9,1209.73
2027-04-26,LOT-028,Finca 3,0.0,0.0,6.2,7.56,1326.73
2027-05-03,LOT-028,Finca 3,0.0,0.0,6.2,7.56,1326.73
2027-05-10,LOT-028,Finca 3,0.0,0.0,5.8,7.08,1241.13
2027-05-17,LOT-028,Finca 3,0.0,0.0,6.3,7.69,1348.12
2027-05-24,LOT-028,Finca 3,0.0,0.0,6.0,7.32,1283.93
2027-05-31,LOT-028,Finca 3,0.0,0.0,5.4,6.59,1155.54
2027-06-07,LOT-028,Finca 3,0.0,0.0,6.3,7.69,1348.12
2027-06-14,LOT-028,Finca 3,0.0,0.0,4.8,5.86,1027.14
2027-06-21,LOT-028,Finca 3,0.0,0.0,5.2,6.34,1112.74
2027-06-28,LOT-028,Finca 3,0.0,0.0,5.7,6.95,1219.73
2027-07-05,LOT-028,Finca 3,0.0,0.0,5.9,7.2,1262.53
2027-07-12,LOT-028,Finca 3,0.0,0.0,6.9,8.42,1476.52
2027-07-19,LOT-028,Finca 3,0.0,0.0,6.7,8.17,1433.72
2027-07-26,LOT-028,Finca 3,0.0,0.0,6.6,8.05,1412.32
2027-08-02,LOT-028,Finca 3,0.0,0.0,5.5,6.71,1176.93
2026-08-10,LOT-029,Finca 1,0.0,0.0,6.5,7.87,2496.35
2026-08-17,LOT-029,Finca 1,0.0,0.0,6.0,7.26,2304.32
2026-08-24,LOT-029,Finca 1,0.0,0.0,5.8,7.02,2227.51
2026-08-31,LOT-029,Finca 1,0.0,0.0,6.1,7.38,2342.73
2026-09-07,LOT-029,Finca 1,47.5,0.0,5.2,36.22,11495.28
2026-09-14,LOT-029,Finca 1,48.2,0.0,5.3,36.78,11673.65
2026-09-21,LOT-029,Finca 1,36.1,0.0,5.5,29.4,9330.93
2026-09-28,LOT-029,Finca 1,32.8,0.0,4.9,26.59,8440.62
2026-10-05,LOT-029,Finca 1,42.6,0.0,5.3,33.25,10553.87
2026-10-12,LOT-029,Finca 1,46.8,0.0,4.8,35.29,11201.68
2026-10-19,LOT-029,Finca 1,44.9,0.0,5.4,34.82,11052.19
2026-10-26,LOT-029,Finca 1,43.8,0.0,5.5,34.25,10870.63
2026-11-02,LOT-029,Finca 1,38.4,2.5,5.9,78.76,24997.15
2026-11-09,LOT-029,Finca 1,39.1,2.7,4.7,81.57,25889.05
2026-11-16,LOT-029,Finca 1,37.0,2.7,5.4,81.09,25737.97
2026-11-23,LOT-029,Finca 1,44.5,2.7,4.8,85.09,27007.25
2026-11-30,LOT-029,Finca 1,44.1,2.0,4.6,71.33,22639.82
2026-12-07,LOT-029,Finca 1,38.4,2.6,6.1,80.95,25692.58
2026-12-14,LOT-029,Finca 1,42.7,2.8,6.3,87.7,27834.71
2026-12-21,LOT-029,Finca 1,38.5,1.9,6.4,68.08,21608.59
2026-12-28,LOT-029,Finca 1,37.2,2.6,5.4,79.37,25192.04
2027-01-04,LOT-029,Finca 1,0.0,2.1,5.5,46.55,14776.56
2027-01-11,LOT-029,Finca 1,0.0,2.6,5.2,55.69,17676.64
2027-01-18,LOT-029,Finca 1,0.0,2.8,5.8,60.25,19122.08
2027-01-25,LOT-029,Finca 1,0.0,2.3,5.6,50.5,16028.38
2027-02-01,LOT-029,Finca 1,0.0,3.0,5.2,63.32,20098.4
2027-02-08,LOT-029,Finca 1,0.0,2.7,5.4,57.86,18365.08
2027-02-15,LOT-029,Finca 1,0.0,2.4,5.0,51.7,16408.95
2027-02-22,LOT-029,Finca 1,0.0,2.7,5.6,58.13,18450.46
2027-03-01,LOT-029,Finca 1,0.0,2.6,5.8,56.47,17923.58
2027-03-08,LOT-029,Finca 1,0.0,2.7,4.9,57.31,18190.19
2027-03-15,LOT-029,Finca 1,0.0,2.5,5.0,53.62,17020.57
2027-03-22,LOT-029,Finca 1,0.0,2.8,5.0,59.33,18832.61
2027-03-29,LOT-029,Finca 1,0.0,2.0,6.6,46.07,14621.35
2027-04-05,LOT-029,Finca 1,0.0,0.0,4.8,5.81,1843.46
2027-04-12,LOT-029,Finca 1,0.0,0.0,5.5,6.65,2112.3
2027-04-19,LOT-029,Finca 1,0.0,0.0,6.6,7.99,2534.76
2027-04-26,LOT-029,Finca 1,0.0,0.0,5.9,7.2,2284.65
2027-05-03,LOT-029,Finca 1,0.0,0.0,5.7,6.95,2207.2
2027-05-10,LOT-029,Finca 1,0.0,0.0,5.6,6.83,2168.48
2027-05-17,LOT-029,Finca 1,0.0,0.0,6.4,7.81,2478.26
2027-05-24,LOT-029,Finca 1,0.0,0.0,5.8,7.08,2245.92
2027-05-31,LOT-029,Finca 1,0.0,0.0,5.8,7.08,2245.92
2027-06-07,LOT-029,Finca 1,0.0,0.0,5.3,6.47,2052.31
2027-06-14,LOT-029,Finca 1,0.0,0.0,6.5,7.93,2516.98
2027-06-21,LOT-029,Finca 1,0.0,0.0,6.1,7.44,2362.09
2027-06-28,LOT-029,Finca 1,0.0,0.0,6.5,7.93,2516.98
2027-07-05,LOT-029,Finca 1,0.0,0.0,5.6,6.83,2168.48
2027-07-12,LOT-029,Finca 1,0.0,0.0,6.6,8.05,2555.7
2027-07-19,LOT-029,Finca 1,0.0,0.0,5.6,6.83,2168.48
2027-07-26,LOT-029,Finca 1,0.0,0.0,6.6,8.05,2555.7
2027-08-02,LOT-029,Finca 1,0.0,0.0,6.0,7.32,2323.37
2026-08-10,LOT-030,Finca 1,0.0,0.0,6.3,7.62,3034.72
2026-08-17,LOT-030,Finca 1,0.0,0.0,5.8,7.02,2793.87
2026-08-24,LOT-030,Finca 1,0.0,0.0,5.8,7.02,2793.87
2026-08-31,LOT-030,Finca 1,0.0,0.0,6.0,7.26,2890.21
2026-09-07,LOT-030,Finca 1,33.2,0.0,4.4,26.24,10446.14
2026-09-14,LOT-030,Finca 1,44.9,0.0,5.9,35.43,14103.09
2026-09-21,LOT-030,Finca 1,32.9,0.0,4.8,26.54,10563.58
2026-09-28,LOT-030,Finca 1,41.9,0.0,6.1,33.78,13447.02
2026-10-05,LOT-030,Finca 1,38.3,0.0,4.9,30.06,11966.09
2026-10-12,LOT-030,Finca 1,40.7,0.0,5.7,32.54,12953.38
2026-10-19,LOT-030,Finca 1,43.3,0.0,5.1,33.45,13316.45
2026-10-26,LOT-030,Finca 1,47.0,0.0,5.7,36.51,14533.44
2026-11-02,LOT-030,Finca 1,43.2,3.3,5.1,95.99,38212.82
2026-11-09,LOT-030,Finca 1,39.8,2.5,6.2,80.03,31858.35
2026-11-16,LOT-030,Finca 1,43.0,2.0,4.4,70.37,28015.89
2026-11-23,LOT-030,Finca 1,37.5,2.4,5.9,76.32,30381.4
2026-11-30,LOT-030,Finca 1,31.6,2.6,5.1,75.45,30037.84
2026-12-07,LOT-030,Finca 1,46.9,2.1,5.8,76.44,30432.36
2026-12-14,LOT-030,Finca 1,45.4,2.6,5.2,84.27,33547.09
2026-12-21,LOT-030,Finca 1,40.3,2.6,5.5,81.42,32412.51
2026-12-28,LOT-030,Finca 1,47.8,2.6,6.2,87.02,34641.07
2027-01-04,LOT-030,Finca 1,0.0,2.4,5.6,52.38,20850.89
2027-01-11,LOT-030,Finca 1,0.0,2.1,5.6,46.68,18581.72
2027-01-18,LOT-030,Finca 1,0.0,3.1,5.9,66.07,26302.47
2027-01-25,LOT-030,Finca 1,0.0,3.4,5.8,71.65,28524.66
2027-02-01,LOT-030,Finca 1,0.0,3.0,4.6,62.6,24919.47
2027-02-08,LOT-030,Finca 1,0.0,3.0,5.3,63.44,25256.66
2027-02-15,LOT-030,Finca 1,0.0,2.7,5.7,58.25,23189.72
2027-02-22,LOT-030,Finca 1,0.0,2.6,5.0,55.5,22095.35
2027-03-01,LOT-030,Finca 1,0.0,3.0,5.6,63.84,25413.11
2027-03-08,LOT-030,Finca 1,0.0,2.5,5.9,54.71,21781.64
2027-03-15,LOT-030,Finca 1,0.0,3.1,6.4,66.74,26568.0
2027-03-22,LOT-030,Finca 1,0.0,2.8,5.3,59.7,23765.38
2027-03-29,LOT-030,Finca 1,0.0,1.7,5.4,38.9,15486.89
2027-04-05,LOT-030,Finca 1,0.0,0.0,5.3,6.41,2553.02
2027-04-12,LOT-030,Finca 1,0.0,0.0,5.8,7.02,2793.87
2027-04-19,LOT-030,Finca 1,0.0,0.0,6.1,7.38,2938.38
2027-04-26,LOT-030,Finca 1,0.0,0.0,6.7,8.17,3254.07
2027-05-03,LOT-030,Finca 1,0.0,0.0,5.7,6.95,2768.39
2027-05-10,LOT-030,Finca 1,0.0,0.0,5.4,6.59,2622.68
2027-05-17,LOT-030,Finca 1,0.0,0.0,5.8,7.08,2816.96
2027-05-24,LOT-030,Finca 1,0.0,0.0,5.5,6.71,2671.25
2027-05-31,LOT-030,Finca 1,0.0,0.0,6.6,8.05,3205.5
2027-06-07,LOT-030,Finca 1,0.0,0.0,6.8,8.3,3302.64
2027-06-14,LOT-030,Finca 1,0.0,0.0,5.5,6.71,2671.25
2027-06-21,LOT-030,Finca 1,0.0,0.0,6.3,7.69,3059.8
2027-06-28,LOT-030,Finca 1,0.0,0.0,6.3,7.69,3059.8
2027-07-05,LOT-030,Finca 1,0.0,0.0,6.4,7.81,3108.36
2027-07-12,LOT-030,Finca 1,0.0,0.0,6.6,8.05,3205.5
2027-07-19,LOT-030,Finca 1,0.0,0.0,5.6,6.83,2719.82
2027-07-26,LOT-030,Finca 1,0.0,0.0,6.1,7.44,2962.66
2027-08-02,LOT-030,Finca 1,0.0,0.0,5.7,6.95,2768.39
2026-08-10,LOT-031,Finca 1,0.0,0.0,6.0,7.26,525.62
2026-08-17,LOT-031,Finca 1,0.0,0.0,5.7,6.9,499.34
2026-08-24,LOT-031,Finca 1,0.0,0.0,5.8,7.02,508.1
2026-08-31,LOT-031,Finca 1,0.0,0.0,5.6,6.78,490.58
2026-09-07,LOT-031,Finca 1,38.1,0.0,5.3,30.42,2202.12
2026-09-14,LOT-031,Finca 1,32.0,0.0,5.0,26.21,1897.6
2026-09-21,LOT-031,Finca 1,44.5,0.0,6.0,35.3,2555.36
2026-09-28,LOT-031,Finca 1,31.3,0.0,6.2,27.22,1970.8
2026-10-05,LOT-031,Finca 1,30.6,0.0,5.5,25.93,1877.55
2026-10-12,LOT-031,Finca 1,39.9,0.0,5.6,31.91,2310.5
2026-10-19,LOT-031,Finca 1,35.9,0.0,5.7,29.51,2136.81
2026-10-26,LOT-031,Finca 1,35.7,0.0,5.3,28.9,2092.65
2026-11-02,LOT-031,Finca 1,44.5,1.9,5.7,70.98,5138.59
2026-11-09,LOT-031,Finca 1,44.3,2.4,5.9,80.6,5835.44
2026-11-16,LOT-031,Finca 1,40.2,2.3,5.5,75.63,5475.97
2026-11-23,LOT-031,Finca 1,53.4,2.4,6.2,86.7,6276.79
2026-11-30,LOT-031,Finca 1,36.4,2.2,5.8,71.73,5193.11
2026-12-07,LOT-031,Finca 1,42.0,2.5,5.8,80.95,5861.0
2026-12-14,LOT-031,Finca 1,43.4,2.2,5.2,75.41,5459.83
2026-12-21,LOT-031,Finca 1,38.4,1.9,5.9,67.41,4880.63
2026-12-28,LOT-031,Finca 1,33.5,1.5,5.4,56.14,4064.46
2027-01-04,LOT-031,Finca 1,0.0,3.0,5.5,63.66,4608.62
2027-01-11,LOT-031,Finca 1,0.0,2.4,4.8,51.41,3721.94
2027-01-18,LOT-031,Finca 1,0.0,2.3,5.5,50.38,3647.37
2027-01-25,LOT-031,Finca 1,0.0,2.5,5.7,54.42,3940.15
2027-02-01,LOT-031,Finca 1,0.0,2.5,5.2,53.82,3896.35
2027-02-08,LOT-031,Finca 1,0.0,2.6,4.8,55.23,3998.94
2027-02-15,LOT-031,Finca 1,0.0,2.9,4.5,60.6,4387.66
2027-02-22,LOT-031,Finca 1,0.0,2.1,4.8,45.75,3312.3
2027-03-01,LOT-031,Finca 1,0.0,1.9,5.6,42.91,3106.97
2027-03-08,LOT-031,Finca 1,0.0,2.6,5.4,56.01,4055.27
2027-03-15,LOT-031,Finca 1,0.0,2.6,6.0,56.74,4107.83
2027-03-22,LOT-031,Finca 1,0.0,2.7,5.8,58.4,4228.09
2027-03-29,LOT-031,Finca 1,0.0,1.9,5.7,43.07,3118.49
2027-04-05,LOT-031,Finca 1,0.0,0.0,6.3,7.62,551.91
2027-04-12,LOT-031,Finca 1,0.0,0.0,5.2,6.29,455.54
2027-04-19,LOT-031,Finca 1,0.0,0.0,6.5,7.87,569.43
2027-04-26,LOT-031,Finca 1,0.0,0.0,5.6,6.83,494.64
2027-05-03,LOT-031,Finca 1,0.0,0.0,6.6,8.05,582.96
2027-05-10,LOT-031,Finca 1,0.0,0.0,6.5,7.93,574.13
2027-05-17,LOT-031,Finca 1,0.0,0.0,5.6,6.83,494.64
2027-05-24,LOT-031,Finca 1,0.0,0.0,5.9,7.2,521.14
2027-05-31,LOT-031,Finca 1,0.0,0.0,5.2,6.34,459.31
2027-06-07,LOT-031,Finca 1,0.0,0.0,6.4,7.81,565.3
2027-06-14,LOT-031,Finca 1,0.0,0.0,6.3,7.69,556.47
2027-06-21,LOT-031,Finca 1,0.0,0.0,6.1,7.44,538.8
2027-06-28,LOT-031,Finca 1,0.0,0.0,6.8,8.3,600.63
2027-07-05,LOT-031,Finca 1,0.0,0.0,5.6,6.83,494.64
2027-07-12,LOT-031,Finca 1,0.0,0.0,6.0,7.32,529.97
2027-07-19,LOT-031,Finca 1,0.0,0.0,5.8,7.08,512.3
2027-07-26,LOT-031,Finca 1,0.0,0.0,6.4,7.81,565.3
2027-08-02,LOT-031,Finca 1,0.0,0.0,5.8,7.08,512.3
2026-08-10,LOT-032,Finca 2,0.0,0.0,5.7,6.9,2998.13
2026-08-17,LOT-032,Finca 2,0.0,0.0,5.7,6.9,2998.13
2026-08-24,LOT-032,Finca 2,0.0,0.0,5.9,7.14,3103.32
2026-08-31,LOT-032,Finca 2,0.0,0.0,6.4,7.74,3366.32
2026-09-07,LOT-032,Finca 2,40.6,0.0,6.1,32.96,14327.28
2026-09-14,LOT-032,Finca 2,37.9,0.0,5.0,29.93,13009.27
2026-09-21,LOT-032,Finca 2,46.3,0.0,5.6,35.94,15625.29
2026-09-28,LOT-032,Finca 2,38.5,0.0,5.2,30.55,13278.78
2026-10-05,LOT-032,Finca 2,41.4,0.0,5.8,33.1,14388.57
2026-10-12,LOT-032,Finca 2,33.5,0.0,6.1,28.49,12382.86
2026-10-19,LOT-032,Finca 2,41.7,0.0,5.6,33.05,14365.53
2026-10-26,LOT-032,Finca 2,45.5,0.0,6.0,35.92,15616.6
2026-11-02,LOT-032,Finca 2,35.4,3.1,5.1,87.28,37940.62
2026-11-09,LOT-032,Finca 2,38.0,2.6,5.7,80.19,34856.42
2026-11-16,LOT-032,Finca 2,35.5,2.3,5.4,72.55,31538.79
2026-11-23,LOT-032,Finca 2,52.9,2.2,5.7,81.98,35636.71
2026-11-30,LOT-032,Finca 2,42.1,2.9,4.9,87.52,38046.25
2026-12-07,LOT-032,Finca 2,36.2,2.2,4.7,70.27,30546.8
2026-12-14,LOT-032,Finca 2,39.4,3.0,5.5,88.45,38447.91
2026-12-21,LOT-032,Finca 2,31.2,2.3,5.1,69.5,30213.39
2026-12-28,LOT-032,Finca 2,38.7,2.4,5.5,76.64,33313.67
2027-01-04,LOT-032,Finca 2,0.0,2.5,6.3,55.12,23961.97
2027-01-11,LOT-032,Finca 2,0.0,1.9,4.6,41.67,18112.21
2027-01-18,LOT-032,Finca 2,0.0,2.9,5.0,61.18,26594.51
2027-01-25,LOT-032,Finca 2,0.0,2.3,5.5,50.38,21899.32
2027-02-01,LOT-032,Finca 2,0.0,3.5,5.3,72.95,31710.5
2027-02-08,LOT-032,Finca 2,0.0,2.9,5.6,61.91,26910.1
2027-02-15,LOT-032,Finca 2,0.0,2.8,6.4,61.0,26516.7
2027-02-22,LOT-032,Finca 2,0.0,2.6,5.4,55.99,24337.11
2027-03-01,LOT-032,Finca 2,0.0,2.3,6.2,51.25,22277.51
2027-03-08,LOT-032,Finca 2,0.0,3.1,6.4,66.74,29010.57
2027-03-15,LOT-032,Finca 2,0.0,2.3,5.4,50.3,21866.71
2027-03-22,LOT-032,Finca 2,0.0,2.8,5.4,59.82,26002.88
2027-03-29,LOT-032,Finca 2,0.0,1.7,5.3,38.78,16858.1
2027-04-05,LOT-032,Finca 2,0.0,0.0,5.7,6.9,2998.13
2027-04-12,LOT-032,Finca 2,0.0,0.0,5.7,6.9,2998.13
2027-04-19,LOT-032,Finca 2,0.0,0.0,5.6,6.78,2945.53
2027-04-26,LOT-032,Finca 2,0.0,0.0,6.1,7.44,3235.04
2027-05-03,LOT-032,Finca 2,0.0,0.0,6.2,7.56,3288.07
2027-05-10,LOT-032,Finca 2,0.0,0.0,6.0,7.32,3182.0
2027-05-17,LOT-032,Finca 2,0.0,0.0,6.5,7.93,3447.17
2027-05-24,LOT-032,Finca 2,0.0,0.0,6.2,7.56,3288.07
2027-05-31,LOT-032,Finca 2,0.0,0.0,5.9,7.2,3128.97
2027-06-07,LOT-032,Finca 2,0.0,0.0,5.3,6.47,2810.77
2027-06-14,LOT-032,Finca 2,0.0,0.0,6.3,7.69,3341.1
2027-06-21,LOT-032,Finca 2,0.0,0.0,5.2,6.34,2757.74
2027-06-28,LOT-032,Finca 2,0.0,0.0,6.0,7.32,3182.0
2027-07-05,LOT-032,Finca 2,0.0,0.0,5.9,7.2,3128.97
2027-07-12,LOT-032,Finca 2,0.0,0.0,5.5,6.71,2916.84
2027-07-19,LOT-032,Finca 2,0.0,0.0,5.7,6.95,3022.9
2027-07-26,LOT-032,Finca 2,0.0,0.0,6.0,7.32,3182.0
2027-08-02,LOT-032,Finca 2,0.0,0.0,6.3,7.69,3341.1
2026-08-10,LOT-033,Finca 2,0.0,0.0,6.0,7.26,866.12
2026-08-17,LOT-033,Finca 2,0.0,0.0,5.6,6.78,808.38
2026-08-24,LOT-033,Finca 2,0.0,0.0,6.1,7.38,880.55
2026-08-31,LOT-033,Finca 2,0.0,0.0,5.7,6.9,822.81
2026-09-07,LOT-033,Finca 2,44.5,0.0,5.2,34.33,4095.21
2026-09-14,LOT-033,Finca 2,32.4,0.0,5.7,27.31,3257.96
2026-09-21,LOT-033,Finca 2,36.5,0.0,5.5,29.65,3537.24
2026-09-28,LOT-033,Finca 2,38.0,0.0,5.7,30.84,3678.85
2026-10-05,LOT-033,Finca 2,30.7,0.0,5.6,26.12,3115.76
2026-10-12,LOT-033,Finca 2,41.6,0.0,5.3,32.62,3891.69
2026-10-19,LOT-033,Finca 2,40.5,0.0,5.5,32.17,3837.88
2026-10-26,LOT-033,Finca 2,42.9,0.0,6.6,35.01,4177.05
2026-11-02,LOT-033,Finca 2,42.4,2.9,5.1,87.9,10485.99
2026-11-09,LOT-033,Finca 2,39.7,3.1,5.2,90.14,10753.82
2026-11-16,LOT-033,Finca 2,35.8,1.9,4.6,64.18,7656.91
2026-11-23,LOT-033,Finca 2,43.9,3.0,5.4,91.13,10871.93
2026-11-30,LOT-033,Finca 2,39.4,3.2,6.2,93.09,11105.88
2026-12-07,LOT-033,Finca 2,39.5,2.5,5.8,79.38,9469.8
2026-12-14,LOT-033,Finca 2,33.9,1.7,5.7,60.54,7222.06
2026-12-21,LOT-033,Finca 2,43.8,2.0,5.0,71.62,8544.74
2026-12-28,LOT-033,Finca 2,49.3,2.7,5.0,88.41,10547.19
2027-01-04,LOT-033,Finca 2,0.0,2.7,5.1,57.47,6856.29
2027-01-11,LOT-033,Finca 2,0.0,2.7,5.2,57.59,6870.73
2027-01-18,LOT-033,Finca 2,0.0,2.5,6.0,54.79,6535.85
2027-01-25,LOT-033,Finca 2,0.0,1.9,6.1,43.5,5189.55
2027-02-01,LOT-033,Finca 2,0.0,2.4,6.2,53.13,6337.93
2027-02-08,LOT-033,Finca 2,0.0,2.5,5.5,54.18,6463.67
2027-02-15,LOT-033,Finca 2,0.0,2.0,5.5,44.7,5332.11
2027-02-22,LOT-033,Finca 2,0.0,2.3,5.7,50.64,6041.71
2027-03-01,LOT-033,Finca 2,0.0,2.4,5.1,51.82,6182.01
2027-03-08,LOT-033,Finca 2,0.0,1.7,5.7,39.25,4682.29
2027-03-15,LOT-033,Finca 2,0.0,2.2,5.6,48.64,5802.99
2027-03-22,LOT-033,Finca 2,0.0,2.5,5.6,54.35,6484.07
2027-03-29,LOT-033,Finca 2,0.0,2.6,6.3,57.13,6815.25
2027-04-05,LOT-033,Finca 2,0.0,0.0,5.8,7.02,837.25
2027-04-12,LOT-033,Finca 2,0.0,0.0,6.4,7.74,923.86
2027-04-19,LOT-033,Finca 2,0.0,0.0,5.5,6.65,793.94
2027-04-26,LOT-033,Finca 2,0.0,0.0,6.3,7.69,916.94
2027-05-03,LOT-033,Finca 2,0.0,0.0,6.5,7.93,946.05
2027-05-10,LOT-033,Finca 2,0.0,0.0,6.2,7.56,902.39
2027-05-17,LOT-033,Finca 2,0.0,0.0,5.7,6.95,829.61
2027-05-24,LOT-033,Finca 2,0.0,0.0,5.7,6.95,829.61
2027-05-31,LOT-033,Finca 2,0.0,0.0,6.6,8.05,960.6
2027-06-07,LOT-033,Finca 2,0.0,0.0,5.9,7.2,858.72
2027-06-14,LOT-033,Finca 2,0.0,0.0,6.1,7.44,887.83
2027-06-21,LOT-033,Finca 2,0.0,0.0,6.8,8.3,989.71
2027-06-28,LOT-033,Finca 2,0.0,0.0,5.9,7.2,858.72
2027-07-05,LOT-033,Finca 2,0.0,0.0,5.8,7.08,844.17
2027-07-12,LOT-033,Finca 2,0.0,0.0,5.4,6.59,785.95
2027-07-19,LOT-033,Finca 2,0.0,0.0,6.0,7.32,873.28
2027-07-26,LOT-033,Finca 2,0.0,0.0,7.2,8.78,1047.93
2027-08-02,LOT-033,Finca 2,0.0,0.0,5.7,6.95,829.61
2026-08-10,LOT-034,Finca 1,0.0,0.0,6.2,7.5,1565.67
2026-08-17,LOT-034,Finca 1,0.0,0.0,6.2,7.5,1565.67
2026-08-24,LOT-034,Finca 1,0.0,0.0,6.1,7.38,1540.41
2026-08-31,LOT-034,Finca 1,0.0,0.0,5.8,7.02,1464.66
2026-09-07,LOT-034,Finca 1,53.8,0.0,5.5,40.55,8462.58
2026-09-14,LOT-034,Finca 1,43.0,0.0,6.0,34.35,7168.85
2026-09-21,LOT-034,Finca 1,28.5,0.0,5.8,24.97,5211.87
2026-09-28,LOT-034,Finca 1,40.0,0.0,4.6,30.77,6420.86
2026-10-05,LOT-034,Finca 1,42.0,0.0,5.0,32.51,6784.84
2026-10-12,LOT-034,Finca 1,35.1,0.0,5.5,28.77,6003.88
2026-10-19,LOT-034,Finca 1,34.3,0.0,5.5,28.26,5898.7
2026-10-26,LOT-034,Finca 1,35.6,0.0,5.3,28.84,6019.12
2026-11-02,LOT-034,Finca 1,43.5,2.9,5.2,88.71,18513.78
2026-11-09,LOT-034,Finca 1,34.0,2.8,3.9,79.28,16546.36
2026-11-16,LOT-034,Finca 1,31.3,3.1,5.3,84.97,17733.24
2026-11-23,LOT-034,Finca 1,42.0,2.3,5.2,76.41,15945.93
2026-11-30,LOT-034,Finca 1,37.2,2.8,4.9,82.54,17225.47
2026-12-07,LOT-034,Finca 1,45.8,2.2,5.9,77.77,16230.81
2026-12-14,LOT-034,Finca 1,39.7,1.9,5.4,67.63,14113.55
2026-12-21,LOT-034,Finca 1,44.1,2.6,6.6,85.14,17769.34
2026-12-28,LOT-034,Finca 1,36.8,2.3,4.9,72.81,15196.07
2027-01-04,LOT-034,Finca 1,0.0,2.9,4.5,60.55,12635.74
2027-01-11,LOT-034,Finca 1,0.0,2.0,5.9,45.14,9420.51
2027-01-18,LOT-034,Finca 1,0.0,3.1,5.7,65.83,13738.3
2027-01-25,LOT-034,Finca 1,0.0,2.7,6.2,58.83,12277.61
2027-02-01,LOT-034,Finca 1,0.0,3.1,5.9,66.07,13788.81
2027-02-08,LOT-034,Finca 1,0.0,2.5,5.7,54.42,11357.87
2027-02-15,LOT-034,Finca 1,0.0,2.1,5.7,46.84,9775.3
2027-02-22,LOT-034,Finca 1,0.0,2.8,5.7,60.15,12553.93
2027-03-01,LOT-034,Finca 1,0.0,2.3,5.1,49.92,10417.68
2027-03-08,LOT-034,Finca 1,0.0,2.2,4.9,47.8,9974.82
2027-03-15,LOT-034,Finca 1,0.0,2.6,5.6,56.25,11740.21
2027-03-22,LOT-034,Finca 1,0.0,1.9,4.5,41.6,8682.34
2027-03-29,LOT-034,Finca 1,0.0,3.0,6.2,64.62,13486.61
2027-04-05,LOT-034,Finca 1,0.0,0.0,6.6,7.99,1666.68
2027-04-12,LOT-034,Finca 1,0.0,0.0,6.2,7.5,1565.67
2027-04-19,LOT-034,Finca 1,0.0,0.0,6.5,7.87,1641.43
2027-04-26,LOT-034,Finca 1,0.0,0.0,5.8,7.08,1476.76
2027-05-03,LOT-034,Finca 1,0.0,0.0,5.3,6.47,1349.45
2027-05-10,LOT-034,Finca 1,0.0,0.0,5.5,6.71,1400.38
2027-05-17,LOT-034,Finca 1,0.0,0.0,6.0,7.32,1527.68
2027-05-24,LOT-034,Finca 1,0.0,0.0,6.1,7.44,1553.15
2027-05-31,LOT-034,Finca 1,0.0,0.0,5.9,7.2,1502.22
2027-06-07,LOT-034,Finca 1,0.0,0.0,5.4,6.59,1374.92
2027-06-14,LOT-034,Finca 1,0.0,0.0,5.6,6.83,1425.84
2027-06-21,LOT-034,Finca 1,0.0,0.0,6.3,7.69,1604.07
2027-06-28,LOT-034,Finca 1,0.0,0.0,5.9,7.2,1502.22
2027-07-05,LOT-034,Finca 1,0.0,0.0,5.6,6.83,1425.84
2027-07-12,LOT-034,Finca 1,0.0,0.0,5.7,6.95,1451.3
2027-07-19,LOT-034,Finca 1,0.0,0.0,5.3,6.47,1349.45
2027-07-26,LOT-034,Finca 1,0.0,0.0,5.8,7.08,1476.76
2027-08-02,LOT-034,Finca 1,0.0,0.0,6.5,7.93,1654.99
2026-08-10,LOT-035,Finca 5,0.0,0.0,6.2,7.5,2871.77
2026-08-17,LOT-035,Finca 5,0.0,0.0,6.8,8.23,3149.68
2026-08-24,LOT-035,Finca 5,0.0,0.0,6.3,7.62,2918.08
2026-08-31,LOT-035,Finca 5,0.0,0.0,6.4,7.74,2964.4
2026-09-07,LOT-035,Finca 5,26.3,0.0,6.2,24.07,9214.38
2026-09-14,LOT-035,Finca 5,39.2,0.0,4.9,30.62,11723.25
2026-09-21,LOT-035,Finca 5,36.4,0.0,6.1,30.31,11603.82
2026-09-28,LOT-035,Finca 5,37.0,0.0,5.6,30.09,11516.92
2026-10-05,LOT-035,Finca 5,30.4,0.0,5.1,25.32,9693.64
2026-10-12,LOT-035,Finca 5,35.1,0.0,5.6,28.89,11058.71
2026-10-19,LOT-035,Finca 5,34.4,0.0,5.7,28.57,10936.21
2026-10-26,LOT-035,Finca 5,41.5,0.0,5.5,32.8,12555.84
2026-11-02,LOT-035,Finca 5,49.8,2.7,5.5,89.25,34164.13
2026-11-09,LOT-035,Finca 5,40.2,2.0,5.4,69.82,26727.1
2026-11-16,LOT-035,Finca 5,50.4,2.9,5.6,93.57,35818.6
2026-11-23,LOT-035,Finca 5,37.3,2.8,5.3,83.06,31793.84
2026-11-30,LOT-035,Finca 5,41.3,2.6,5.2,81.69,31269.02
2026-12-07,LOT-035,Finca 5,40.3,2.7,5.7,83.56,31986.39
2026-12-14,LOT-035,Finca 5,42.9,2.5,5.5,81.16,31066.9
2026-12-21,LOT-035,Finca 5,45.2,2.6,5.6,84.63,32394.83
2026-12-28,LOT-035,Finca 5,39.1,2.9,5.9,86.87,33254.6
2027-01-04,LOT-035,Finca 5,0.0,2.7,5.1,57.47,21999.9
2027-01-11,LOT-035,Finca 5,0.0,3.5,6.4,74.24,28420.6
2027-01-18,LOT-035,Finca 5,0.0,2.7,5.0,57.38,21963.92
2027-01-25,LOT-035,Finca 5,0.0,2.5,6.0,54.79,20971.7
2027-02-01,LOT-035,Finca 5,0.0,2.8,4.7,58.91,22552.66
2027-02-08,LOT-035,Finca 5,0.0,2.6,5.7,56.32,21560.44
2027-02-15,LOT-035,Finca 5,0.0,1.9,5.7,43.03,16473.8
2027-02-22,LOT-035,Finca 5,0.0,2.7,5.5,58.01,22205.85
2027-03-01,LOT-035,Finca 5,0.0,2.1,6.0,47.2,18068.93
2027-03-08,LOT-035,Finca 5,0.0,3.0,4.9,63.02,24123.67
2027-03-15,LOT-035,Finca 5,0.0,2.4,5.5,52.33,20030.78
2027-03-22,LOT-035,Finca 5,0.0,2.0,5.5,44.72,17116.9
2027-03-29,LOT-035,Finca 5,0.0,2.1,6.7,48.09,18409.23
2027-04-05,LOT-035,Finca 5,0.0,0.0,6.8,8.23,3149.68
2027-04-12,LOT-035,Finca 5,0.0,0.0,6.5,7.87,3010.72
2027-04-19,LOT-035,Finca 5,0.0,0.0,6.3,7.62,2918.08
2027-04-26,LOT-035,Finca 5,0.0,0.0,5.3,6.47,2475.18
2027-05-03,LOT-035,Finca 5,0.0,0.0,5.7,6.95,2661.99
2027-05-10,LOT-035,Finca 5,0.0,0.0,6.3,7.69,2942.2
2027-05-17,LOT-035,Finca 5,0.0,0.0,6.5,7.93,3035.6
2027-05-24,LOT-035,Finca 5,0.0,0.0,5.9,7.2,2755.39
2027-05-31,LOT-035,Finca 5,0.0,0.0,6.2,7.56,2895.5
2027-06-07,LOT-035,Finca 5,0.0,0.0,4.4,5.37,2054.87
2027-06-14,LOT-035,Finca 5,0.0,0.0,5.8,7.08,2708.69
2027-06-21,LOT-035,Finca 5,0.0,0.0,5.6,6.83,2615.29
2027-06-28,LOT-035,Finca 5,0.0,0.0,5.9,7.2,2755.39
2027-07-05,LOT-035,Finca 5,0.0,0.0,6.9,8.42,3222.41
2027-07-12,LOT-035,Finca 5,0.0,0.0,6.7,8.17,3129.01
2027-07-19,LOT-035,Finca 5,0.0,0.0,6.6,8.05,3082.31
2027-07-26,LOT-035,Finca 5,0.0,0.0,5.8,7.08,2708.69
2027-08-02,LOT-035,Finca 5,0.0,0.0,5.6,6.83,2615.29
2026-08-10,LOT-036,Finca 2,0.0,0.0,6.0,7.26,1730.06
2026-08-17,LOT-036,Finca 2,0.0,0.0,6.4,7.74,1845.4
2026-08-24,LOT-036,Finca 2,0.0,0.0,6.8,8.23,1960.73
2026-08-31,LOT-036,Finca 2,0.0,0.0,5.1,6.17,1470.55
2026-09-07,LOT-036,Finca 2,48.8,0.0,6.5,38.61,9200.52
2026-09-14,LOT-036,Finca 2,47.8,0.0,5.4,36.65,8733.22
2026-09-21,LOT-036,Finca 2,46.0,0.0,4.8,34.79,8289.98
2026-09-28,LOT-036,Finca 2,43.2,0.0,5.4,33.75,8042.62
2026-10-05,LOT-036,Finca 2,30.9,0.0,5.5,26.12,6224.87
2026-10-12,LOT-036,Finca 2,39.3,0.0,5.6,31.53,7514.79
2026-10-19,LOT-036,Finca 2,40.6,0.0,4.8,31.39,7479.28
2026-10-26,LOT-036,Finca 2,41.3,0.0,5.8,33.04,7872.72
2026-11-02,LOT-036,Finca 2,49.8,3.1,5.6,96.96,23104.85
2026-11-09,LOT-036,Finca 2,40.9,3.0,5.7,89.6,21352.63
2026-11-16,LOT-036,Finca 2,41.1,2.4,5.2,77.74,18524.73
2026-11-23,LOT-036,Finca 2,34.3,2.8,5.1,80.92,19284.19
2026-11-30,LOT-036,Finca 2,43.9,2.6,5.4,83.56,19913.54
2026-12-07,LOT-036,Finca 2,44.0,2.3,5.1,77.57,18484.45
2026-12-14,LOT-036,Finca 2,36.9,2.4,6.2,76.32,18188.25
2026-12-21,LOT-036,Finca 2,38.5,3.2,6.6,93.01,22164.04
2026-12-28,LOT-036,Finca 2,41.7,1.8,5.9,67.61,16111.46
2027-01-04,LOT-036,Finca 2,0.0,2.8,5.8,60.22,14349.95
2027-01-11,LOT-036,Finca 2,0.0,2.9,5.9,62.24,14831.55
2027-01-18,LOT-036,Finca 2,0.0,2.3,5.7,50.62,12062.75
2027-01-25,LOT-036,Finca 2,0.0,2.9,5.0,61.18,14578.96
2027-02-01,LOT-036,Finca 2,0.0,2.1,5.7,46.82,11156.73
2027-02-08,LOT-036,Finca 2,0.0,2.7,5.6,58.1,13845.94
2027-02-15,LOT-036,Finca 2,0.0,2.1,5.9,47.08,11219.4
2027-02-22,LOT-036,Finca 2,0.0,2.7,5.9,58.49,13938.88
2027-03-01,LOT-036,Finca 2,0.0,1.6,6.1,37.81,9010.84
2027-03-08,LOT-036,Finca 2,0.0,2.2,6.0,49.13,11706.73
2027-03-15,LOT-036,Finca 2,0.0,2.2,5.7,48.76,11620.22
2027-03-22,LOT-036,Finca 2,0.0,2.3,5.5,50.42,12016.04
2027-03-29,LOT-036,Finca 2,0.0,2.6,5.4,56.04,13353.86
2027-04-05,LOT-036,Finca 2,0.0,0.0,5.2,6.29,1499.38
2027-04-12,LOT-036,Finca 2,0.0,0.0,5.2,6.29,1499.38
2027-04-19,LOT-036,Finca 2,0.0,0.0,6.0,7.26,1730.06
2027-04-26,LOT-036,Finca 2,0.0,0.0,5.8,7.08,1686.21
2027-05-03,LOT-036,Finca 2,0.0,0.0,6.4,7.81,1860.65
2027-05-10,LOT-036,Finca 2,0.0,0.0,6.3,7.69,1831.57
2027-05-17,LOT-036,Finca 2,0.0,0.0,6.4,7.81,1860.65
2027-05-24,LOT-036,Finca 2,0.0,0.0,5.6,6.83,1628.07
2027-05-31,LOT-036,Finca 2,0.0,0.0,5.8,7.08,1686.21
2027-06-07,LOT-036,Finca 2,0.0,0.0,6.8,8.3,1976.94
2027-06-14,LOT-036,Finca 2,0.0,0.0,5.1,6.22,1482.7
2027-06-21,LOT-036,Finca 2,0.0,0.0,5.2,6.34,1511.78
2027-06-28,LOT-036,Finca 2,0.0,0.0,6.0,7.32,1744.36
2027-07-05,LOT-036,Finca 2,0.0,0.0,6.2,7.56,1802.5
2027-07-12,LOT-036,Finca 2,0.0,0.0,5.7,6.95,1657.14
2027-07-19,LOT-036,Finca 2,0.0,0.0,7.3,8.91,2122.3
2027-07-26,LOT-036,Finca 2,0.0,0.0,7.0,8.54,2035.08
2027-08-02,LOT-036,Finca 2,0.0,0.0,5.0,6.1,1453.63
2026-08-10,LOT-037,Finca 1,0.0,0.0,6.3,7.62,2438.6
2026-08-17,LOT-037,Finca 1,0.0,0.0,6.4,7.74,2477.31
2026-08-24,LOT-037,Finca 1,0.0,0.0,5.5,6.65,2128.93
2026-08-31,LOT-037,Finca 1,0.0,0.0,5.9,7.14,2283.77
2026-09-07,LOT-037,Finca 1,37.8,0.0,5.7,30.71,9824.45
2026-09-14,LOT-037,Finca 1,43.9,0.0,6.0,34.92,11169.95
2026-09-21,LOT-037,Finca 1,49.3,0.0,5.7,37.96,12142.12
2026-09-28,LOT-037,Finca 1,46.6,0.0,5.8,36.38,11636.68
2026-10-05,LOT-037,Finca 1,44.0,0.0,5.1,33.89,10841.73
2026-10-12,LOT-037,Finca 1,36.3,0.0,5.5,29.52,9444.73
2026-10-19,LOT-037,Finca 1,32.4,0.0,5.7,27.31,8736.15
2026-10-26,LOT-037,Finca 1,43.5,0.0,4.8,33.21,10624.84
2026-11-02,LOT-037,Finca 1,38.6,1.9,6.1,67.74,21670.67
2026-11-09,LOT-037,Finca 1,38.2,2.5,5.7,78.41,25084.32
2026-11-16,LOT-037,Finca 1,41.5,2.8,4.9,85.22,27261.24
2026-11-23,LOT-037,Finca 1,44.2,2.9,6.2,90.39,28915.76
2026-11-30,LOT-037,Finca 1,38.7,2.5,4.9,77.78,24883.42
2026-12-07,LOT-037,Finca 1,40.2,1.3,6.0,57.27,18321.63
2026-12-14,LOT-037,Finca 1,41.7,2.5,6.1,81.13,25952.53
2026-12-21,LOT-037,Finca 1,36.7,2.9,5.1,84.36,26987.72
2026-12-28,LOT-037,Finca 1,36.6,2.0,5.9,68.2,21816.22
2027-01-04,LOT-037,Finca 1,0.0,2.9,4.8,60.91,19484.47
2027-01-11,LOT-037,Finca 1,0.0,2.1,4.7,45.59,14583.28
2027-01-18,LOT-037,Finca 1,0.0,2.3,5.4,50.26,16077.21
2027-01-25,LOT-037,Finca 1,0.0,2.6,6.1,56.81,18172.56
2027-02-01,LOT-037,Finca 1,0.0,2.8,5.7,60.12,19233.99
2027-02-08,LOT-037,Finca 1,0.0,2.7,6.3,58.95,18858.1
2027-02-15,LOT-037,Finca 1,0.0,2.4,4.9,51.58,16499.48
2027-02-22,LOT-037,Finca 1,0.0,2.7,4.9,57.28,18324.83
2027-03-01,LOT-037,Finca 1,0.0,2.7,5.4,57.89,18518.37
2027-03-08,LOT-037,Finca 1,0.0,2.6,5.7,56.38,18034.36
2027-03-15,LOT-037,Finca 1,0.0,3.0,5.3,63.5,20314.61
2027-03-22,LOT-037,Finca 1,0.0,2.7,6.3,59.0,18875.38
2027-03-29,LOT-037,Finca 1,0.0,2.8,4.8,59.12,18912.49
2027-04-05,LOT-037,Finca 1,0.0,0.0,7.2,8.71,2786.97
2027-04-12,LOT-037,Finca 1,0.0,0.0,5.8,7.02,2245.06
2027-04-19,LOT-037,Finca 1,0.0,0.0,5.8,7.02,2245.06
2027-04-26,LOT-037,Finca 1,0.0,0.0,5.1,6.22,1990.42
2027-05-03,LOT-037,Finca 1,0.0,0.0,5.9,7.2,2302.64
2027-05-10,LOT-037,Finca 1,0.0,0.0,5.8,7.08,2263.61
2027-05-17,LOT-037,Finca 1,0.0,0.0,6.4,7.81,2497.78
2027-05-24,LOT-037,Finca 1,0.0,0.0,5.8,7.08,2263.61
2027-05-31,LOT-037,Finca 1,0.0,0.0,6.0,7.32,2341.67
2027-06-07,LOT-037,Finca 1,0.0,0.0,6.0,7.32,2341.67
2027-06-14,LOT-037,Finca 1,0.0,0.0,6.3,7.69,2458.75
2027-06-21,LOT-037,Finca 1,0.0,0.0,5.4,6.59,2107.5
2027-06-28,LOT-037,Finca 1,0.0,0.0,5.8,7.08,2263.61
2027-07-05,LOT-037,Finca 1,0.0,0.0,5.4,6.59,2107.5
2027-07-12,LOT-037,Finca 1,0.0,0.0,6.5,7.93,2536.81
2027-07-19,LOT-037,Finca 1,0.0,0.0,5.7,6.95,2224.58
2027-07-26,LOT-037,Finca 1,0.0,0.0,5.4,6.59,2107.5
2027-08-02,LOT-037,Finca 1,0.0,0.0,5.7,6.95,2224.58
2026-08-10,LOT-038,Finca 1,0.0,0.0,6.1,7.38,3440.28
2026-08-17,LOT-038,Finca 1,0.0,0.0,6.5,7.87,3665.88
2026-08-24,LOT-038,Finca 1,0.0,0.0,6.3,7.62,3553.08
2026-08-31,LOT-038,Finca 1,0.0,0.0,5.7,6.9,3214.69
2026-09-07,LOT-038,Finca 1,40.9,0.0,5.0,31.82,14829.9
2026-09-14,LOT-038,Finca 1,34.7,0.0,5.6,28.64,13347.71
2026-09-21,LOT-038,Finca 1,38.4,0.0,5.6,30.97,14434.18
2026-09-28,LOT-038,Finca 1,31.2,0.0,5.3,26.07,12150.76
2026-10-05,LOT-038,Finca 1,34.1,0.0,5.5,28.14,13115.12
2026-10-12,LOT-038,Finca 1,39.0,0.0,5.5,31.23,14553.97
2026-10-19,LOT-038,Finca 1,35.8,0.0,4.9,28.48,13275.93
2026-10-26,LOT-038,Finca 1,40.4,0.0,5.6,32.23,15021.47
2026-11-02,LOT-038,Finca 1,41.2,2.9,5.6,87.74,40897.94
2026-11-09,LOT-038,Finca 1,48.7,2.0,5.1,74.81,34869.87
2026-11-16,LOT-038,Finca 1,34.2,2.8,6.0,81.95,38196.9
2026-11-23,LOT-038,Finca 1,34.0,2.7,4.5,78.11,36407.54
2026-11-30,LOT-038,Finca 1,38.7,2.1,5.1,70.43,32827.89
2026-12-07,LOT-038,Finca 1,47.8,3.5,5.8,103.6,48286.56
2026-12-14,LOT-038,Finca 1,33.4,2.9,5.2,82.4,38408.97
2026-12-21,LOT-038,Finca 1,41.6,2.4,5.1,77.95,36334.83
2026-12-28,LOT-038,Finca 1,48.8,2.2,5.5,79.2,36914.65
2027-01-04,LOT-038,Finca 1,0.0,1.8,6.4,41.94,19550.1
2027-01-11,LOT-038,Finca 1,0.0,2.4,6.0,52.86,24638.05
2027-01-18,LOT-038,Finca 1,0.0,2.7,5.4,57.86,26969.01
2027-01-25,LOT-038,Finca 1,0.0,2.8,5.0,59.28,27629.48
2027-02-01,LOT-038,Finca 1,0.0,2.6,5.1,55.6,25913.76
2027-02-08,LOT-038,Finca 1,0.0,2.3,5.9,50.86,23706.78
2027-02-15,LOT-038,Finca 1,0.0,2.3,6.0,51.01,23773.9
2027-02-22,LOT-038,Finca 1,0.0,2.2,5.5,48.5,22605.38
2027-03-01,LOT-038,Finca 1,0.0,2.7,6.3,58.98,27489.18
2027-03-08,LOT-038,Finca 1,0.0,2.9,5.4,61.72,28768.16
2027-03-15,LOT-038,Finca 1,0.0,2.1,4.6,45.53,21221.07
2027-03-22,LOT-038,Finca 1,0.0,3.0,6.0,64.35,29993.54
2027-03-29,LOT-038,Finca 1,0.0,2.0,5.0,44.13,20568.99
2027-04-05,LOT-038,Finca 1,0.0,0.0,6.2,7.5,3496.68
2027-04-12,LOT-038,Finca 1,0.0,0.0,5.4,6.53,3045.5
2027-04-19,LOT-038,Finca 1,0.0,0.0,6.8,8.23,3835.07
2027-04-26,LOT-038,Finca 1,0.0,0.0,6.0,7.32,3411.85
2027-05-03,LOT-038,Finca 1,0.0,0.0,6.2,7.56,3525.58
2027-05-10,LOT-038,Finca 1,0.0,0.0,6.7,8.17,3809.9
2027-05-17,LOT-038,Finca 1,0.0,0.0,6.1,7.44,3468.72
2027-05-24,LOT-038,Finca 1,0.0,0.0,6.3,7.69,3582.44
2027-05-31,LOT-038,Finca 1,0.0,0.0,5.8,7.08,3298.12
2027-06-07,LOT-038,Finca 1,0.0,0.0,6.1,7.44,3468.72
2027-06-14,LOT-038,Finca 1,0.0,0.0,6.3,7.69,3582.44
2027-06-21,LOT-038,Finca 1,0.0,0.0,6.3,7.69,3582.44
2027-06-28,LOT-038,Finca 1,0.0,0.0,6.5,7.93,3696.17
2027-07-05,LOT-038,Finca 1,0.0,0.0,6.8,8.3,3866.77
2027-07-12,LOT-038,Finca 1,0.0,0.0,6.9,8.42,3923.63
2027-07-19,LOT-038,Finca 1,0.0,0.0,5.8,7.08,3298.12
2027-07-26,LOT-038,Finca 1,0.0,0.0,5.6,6.83,3184.4
2027-08-02,LOT-038,Finca 1,0.0,0.0,6.5,7.93,3696.17
2026-08-10,LOT-039,Finca 3,0.0,0.0,5.9,7.14,3206.84
2026-08-17,LOT-039,Finca 3,0.0,0.0,5.5,6.65,2989.43
2026-08-24,LOT-039,Finca 3,0.0,0.0,5.2,6.29,2826.37
2026-08-31,LOT-039,Finca 3,0.0,0.0,6.4,7.74,3478.6
2026-09-07,LOT-039,Finca 3,37.5,0.0,5.0,29.68,13330.01
2026-09-14,LOT-039,Finca 3,36.8,0.0,5.9,30.32,13621.09
2026-09-21,LOT-039,Finca 3,40.3,0.0,6.2,32.89,14774.64
2026-09-28,LOT-039,Finca 3,36.3,0.0,6.0,30.13,13533.95
2026-10-05,LOT-039,Finca 3,42.2,0.0,5.4,33.12,14877.5
2026-10-12,LOT-039,Finca 3,38.8,0.0,5.0,30.49,13697.9
2026-10-19,LOT-039,Finca 3,46.9,0.0,4.8,35.36,15881.47
2026-10-26,LOT-039,Finca 3,32.3,0.0,5.3,26.76,12021.49
2026-11-02,LOT-039,Finca 3,37.1,2.6,6.0,79.95,35915.79
2026-11-09,LOT-039,Finca 3,35.0,2.9,6.0,84.35,37890.92
2026-11-16,LOT-039,Finca 3,48.8,2.4,5.7,83.19,37370.3
2026-11-23,LOT-039,Finca 3,38.9,2.9,5.8,86.57,38885.9
2026-11-30,LOT-039,Finca 3,38.5,3.0,4.9,87.15,39149.58
2026-12-07,LOT-039,Finca 3,40.1,2.8,5.4,84.97,38168.07
2026-12-14,LOT-039,Finca 3,39.7,3.0,5.6,88.76,39869.64
2026-12-21,LOT-039,Finca 3,43.2,2.0,4.7,70.88,31840.64
2026-12-28,LOT-039,Finca 3,40.4,2.8,5.5,85.31,38319.9
2027-01-04,LOT-039,Finca 3,0.0,3.1,5.7,65.8,29556.01
2027-01-11,LOT-039,Finca 3,0.0,2.4,5.6,52.38,23527.3
2027-01-18,LOT-039,Finca 3,0.0,2.5,4.7,53.21,23902.83
2027-01-25,LOT-039,Finca 3,0.0,2.1,5.0,45.97,20650.17
2027-02-01,LOT-039,Finca 3,0.0,2.0,4.6,43.59,19578.83
2027-02-08,LOT-039,Finca 3,0.0,2.1,5.8,46.94,21085.0
2027-02-15,LOT-039,Finca 3,0.0,2.5,5.2,53.84,24185.83
2027-02-22,LOT-039,Finca 3,0.0,2.0,5.0,44.09,19805.23
2027-03-01,LOT-039,Finca 3,0.0,2.5,5.9,54.69,24566.3
2027-03-08,LOT-039,Finca 3,0.0,2.3,4.7,49.46,22215.64
2027-03-15,LOT-039,Finca 3,0.0,2.6,5.4,56.01,25160.59
2027-03-22,LOT-039,Finca 3,0.0,2.3,5.9,50.91,22867.87
2027-03-29,LOT-039,Finca 3,0.0,2.7,5.5,58.06,26081.9
2027-04-05,LOT-039,Finca 3,0.0,0.0,6.4,7.74,3478.6
2027-04-12,LOT-039,Finca 3,0.0,0.0,6.1,7.38,3315.55
2027-04-19,LOT-039,Finca 3,0.0,0.0,5.5,6.65,2989.43
2027-04-26,LOT-039,Finca 3,0.0,0.0,6.4,7.81,3507.35
2027-05-03,LOT-039,Finca 3,0.0,0.0,5.4,6.59,2959.33
2027-05-10,LOT-039,Finca 3,0.0,0.0,5.0,6.1,2740.12
2027-05-17,LOT-039,Finca 3,0.0,0.0,5.9,7.2,3233.34
2027-05-24,LOT-039,Finca 3,0.0,0.0,6.5,7.93,3562.16
2027-05-31,LOT-039,Finca 3,0.0,0.0,6.1,7.44,3342.95
2027-06-07,LOT-039,Finca 3,0.0,0.0,6.1,7.44,3342.95
2027-06-14,LOT-039,Finca 3,0.0,0.0,5.9,7.2,3233.34
2027-06-21,LOT-039,Finca 3,0.0,0.0,4.8,5.86,2630.52
2027-06-28,LOT-039,Finca 3,0.0,0.0,5.7,6.95,3123.74
2027-07-05,LOT-039,Finca 3,0.0,0.0,5.4,6.59,2959.33
2027-07-12,LOT-039,Finca 3,0.0,0.0,5.8,7.08,3178.54
2027-07-19,LOT-039,Finca 3,0.0,0.0,7.0,8.54,3836.17
2027-07-26,LOT-039,Finca 3,0.0,0.0,6.2,7.56,3397.75
2027-08-02,LOT-039,Finca 3,0.0,0.0,4.7,5.73,2575.71
2026-08-10,LOT-040,Finca 3,0.0,0.0,6.8,8.23,3641.71
2026-08-17,LOT-040,Finca 3,0.0,0.0,6.9,8.35,3695.27
2026-08-24,LOT-040,Finca 3,0.0,0.0,5.7,6.9,3052.61
2026-08-31,LOT-040,Finca 3,0.0,0.0,6.3,7.62,3373.94
2026-09-07,LOT-040,Finca 3,36.2,0.0,5.8,29.82,13200.1
2026-09-14,LOT-040,Finca 3,36.3,0.0,4.2,27.95,12371.11
2026-09-21,LOT-040,Finca 3,37.7,0.0,5.4,30.29,13404.14
2026-09-28,LOT-040,Finca 3,41.4,0.0,5.3,32.49,14382.29
2026-10-05,LOT-040,Finca 3,40.0,0.0,6.4,32.94,14581.01
2026-10-12,LOT-040,Finca 3,36.4,0.0,5.7,29.83,13202.32
2026-10-19,LOT-040,Finca 3,38.4,0.0,6.0,31.45,13920.66
2026-10-26,LOT-040,Finca 3,25.0,0.0,5.6,22.53,9970.01
2026-11-02,LOT-040,Finca 3,37.5,2.6,6.1,80.33,35553.17
2026-11-09,LOT-040,Finca 3,36.6,2.3,5.4,73.25,32418.68
2026-11-16,LOT-040,Finca 3,42.5,2.1,6.0,73.89,32705.04
2026-11-23,LOT-040,Finca 3,44.7,2.4,5.6,80.49,35624.43
2026-11-30,LOT-040,Finca 3,36.4,3.1,5.9,88.94,39364.84
2026-12-07,LOT-040,Finca 3,46.3,3.4,6.4,101.48,44914.61
2026-12-14,LOT-040,Finca 3,34.7,2.5,5.4,75.87,33580.06
2026-12-21,LOT-040,Finca 3,48.1,1.8,4.2,69.57,30790.35
2026-12-28,LOT-040,Finca 3,37.3,2.3,6.0,74.46,32955.55
2027-01-04,LOT-040,Finca 3,0.0,2.1,5.3,46.31,20498.13
2027-01-11,LOT-040,Finca 3,0.0,3.2,5.1,66.97,29641.36
2027-01-18,LOT-040,Finca 3,0.0,2.6,5.2,55.72,24660.79
2027-01-25,LOT-040,Finca 3,0.0,3.3,4.3,67.94,30068.47
2027-02-01,LOT-040,Finca 3,0.0,2.9,4.6,60.7,26863.61
2027-02-08,LOT-040,Finca 3,0.0,2.6,5.5,56.08,24821.45
2027-02-15,LOT-040,Finca 3,0.0,2.9,6.5,63.02,27893.98
2027-02-22,LOT-040,Finca 3,0.0,2.4,6.6,53.63,23738.41
2027-03-01,LOT-040,Finca 3,0.0,1.8,4.9,40.16,17777.03
2027-03-08,LOT-040,Finca 3,0.0,2.6,5.6,56.25,24898.02
2027-03-15,LOT-040,Finca 3,0.0,1.6,6.1,37.83,16743.12
2027-03-22,LOT-040,Finca 3,0.0,2.1,5.4,46.5,20579.57
2027-03-29,LOT-040,Finca 3,0.0,2.8,5.3,59.72,26434.28
2027-04-05,LOT-040,Finca 3,0.0,0.0,5.9,7.14,3159.72
2027-04-12,LOT-040,Finca 3,0.0,0.0,6.0,7.26,3213.28
2027-04-19,LOT-040,Finca 3,0.0,0.0,7.0,8.47,3748.82
2027-04-26,LOT-040,Finca 3,0.0,0.0,6.2,7.56,3347.83
2027-05-03,LOT-040,Finca 3,0.0,0.0,5.2,6.34,2807.85
2027-05-10,LOT-040,Finca 3,0.0,0.0,5.1,6.22,2753.86
2027-05-17,LOT-040,Finca 3,0.0,0.0,6.5,7.93,3509.82
2027-05-24,LOT-040,Finca 3,0.0,0.0,6.3,7.69,3401.82
2027-05-31,LOT-040,Finca 3,0.0,0.0,5.8,7.08,3131.84
2027-06-07,LOT-040,Finca 3,0.0,0.0,5.8,7.08,3131.84
2027-06-14,LOT-040,Finca 3,0.0,0.0,6.0,7.32,3239.83
2027-06-21,LOT-040,Finca 3,0.0,0.0,5.9,7.2,3185.83
2027-06-28,LOT-040,Finca 3,0.0,0.0,5.9,7.2,3185.83
2027-07-05,LOT-040,Finca 3,0.0,0.0,5.9,7.2,3185.83
2027-07-12,LOT-040,Finca 3,0.0,0.0,6.9,8.42,3725.81
2027-07-19,LOT-040,Finca 3,0.0,0.0,4.9,5.98,2645.86
2027-07-26,LOT-040,Finca 3,0.0,0.0,5.5,6.71,2969.85
2027-08-02,LOT-040,Finca 3,0.0,0.0,6.9,8.42,3725.81
